profile,actual_ddq_max_rad_s2,actual_ddq_p99_rad_s2,actual_dq_max_rad_s,actual_dq_p99_rad_s,actual_elbow_accel_p99_m_s2,actual_elbow_lateral_range_m,actual_elbow_speed_max_m_s,actual_j1_ddq_p99_rad_s2,actual_j1_dq_max_rad_s,actual_j2_ddq_p99_rad_s2,actual_j2_dq_max_rad_s,actual_j3_ddq_p99_rad_s2,actual_j3_dq_max_rad_s,actual_j4_ddq_p99_rad_s2,actual_j4_dq_max_rad_s,actual_j5_ddq_p99_rad_s2,actual_j5_dq_max_rad_s,actual_j6_ddq_p99_rad_s2,actual_j6_dq_max_rad_s,actual_j7_ddq_p99_rad_s2,actual_j7_dq_max_rad_s,actual_min_joint_margin_rad,actual_min_rho,actual_orientation_rmse_rad,actual_physical_velocity_exceed_fraction,actual_position_max_m,actual_position_p95_m,actual_position_rmse_m,braking_active_fraction,braking_binding_fraction,braking_j1_active_fraction,braking_j1_binding_fraction,braking_j2_active_fraction,braking_j2_binding_fraction,braking_j3_active_fraction,braking_j3_binding_fraction,braking_j4_active_fraction,braking_j4_binding_fraction,braking_j5_active_fraction,braking_j5_binding_fraction,braking_j6_active_fraction,braking_j6_binding_fraction,braking_j7_active_fraction,braking_j7_binding_fraction,command_above_driver_cap_fraction,command_ddq_max_rad_s2,command_ddq_p99_rad_s2,command_dq_max_rad_s,command_dq_p99_rad_s,command_driver_q_gap_max_rad,command_driver_q_gap_rms_rad,command_elbow_accel_p99_m_s2,command_elbow_lateral_range_m,command_elbow_speed_max_m_s,command_j1_dq_max_rad_s,command_j1_sat_fraction,command_j1_saturation_fraction,command_j2_dq_max_rad_s,command_j2_sat_fraction,command_j3_dq_max_rad_s,command_j3_sat_fraction,command_j4_ddq_p99_rad_s2,command_j4_dq_max_rad_s,command_j4_sat_fraction,command_j4_saturation_fraction,command_j5_dq_max_rad_s,command_j5_sat_fraction,command_j6_dq_max_rad_s,command_j6_sat_fraction,command_j7_dq_max_rad_s,command_j7_sat_fraction,command_min_joint_margin_rad,command_min_rho,command_orientation_rmse_rad,command_position_max_m,command_position_p95_m,command_position_rmse_m,command_velocity_saturation_fraction,driver_actual_q_gap_max_rad,driver_actual_q_gap_rms_rad,driver_ddq_max_rad_s2,driver_ddq_p99_rad_s2,driver_dq_max_rad_s,driver_dq_p99_rad_s,driver_elbow_accel_p99_m_s2,driver_elbow_lateral_range_m,driver_elbow_speed_max_m_s,driver_j1_dq_max_rad_s,driver_j1_limit_active_fraction,driver_j2_dq_max_rad_s,driver_j2_limit_active_fraction,driver_j3_dq_max_rad_s,driver_j3_limit_active_fraction,driver_j4_ddq_p99_rad_s2,driver_j4_dq_max_rad_s,driver_j4_limit_active_fraction,driver_j5_dq_max_rad_s,driver_j5_limit_active_fraction,driver_j6_dq_max_rad_s,driver_j6_limit_active_fraction,driver_j7_dq_max_rad_s,driver_j7_limit_active_fraction,driver_limit_active_fraction,driver_min_joint_margin_rad,driver_min_rho,driver_orientation_rmse_rad,driver_position_max_m,driver_position_p95_m,driver_position_rmse_m,driver_velocity_limit_enabled,driver_velocity_saturation_fraction,duration_s,frame_full_error_p95_m,frame_full_orientation_error_p95_rad,frame_limit_activation_mean,frame_used_error_p95_m,frame_used_orientation_error_p95_rad,ik_velocity_limit_enabled,nullspace_activation_mean,nullspace_error_abs_p95_rad,nullspace_return_speed_abs_p95_rad_s,q_gap_max_rad,q_gap_rms_rad,singularity_limit_active_fraction,solve_time_mean_ms,solve_time_p95_ms,solver_failures,speed,tail_actual_ddq_rms_rad_s2,tail_actual_ee_p2p_m,tail_actual_ee_vibration_rms_m,tail_command_ee_p2p_m,tail_command_ee_vibration_rms_m,tail_driver_ee_p2p_m,tail_driver_ee_vibration_rms_m,torque_saturation_fraction
brake_distance_0p08,57.644452025258545,35.521294713036305,3.7669582555542966,2.8950578608487194,7.6772650611268505,0.05649249273504597,0.45093018420029457,31.095305754168397,1.8119909036085062,15.387252016992099,1.0207654094001979,17.358611341908254,1.290124236025475,40.6529977174341,2.7116371202081955,7.106745719024015,0.7616987065944397,13.589578820896074,1.2161121277653675,23.197741098699804,1.7658834520309545,0.08642026095883674,0.07169519821436053,0.2926694714266948,0.06650121539720241,0.10077551591622357,0.09896745938124772,0.06371192117654315,0.191237827346075,0.15839199408995178,0.0,0.05340559715469315,0.09048755939323472,0.024879674244629127,0.0,0.006698821007502675,0.017416934619506958,0.02117624750190707,0.033508158508158505,0.0029137529137529083,0.08333333333333333,0.056818181818181816,0.07400932400932402,0.046620046620046623,0.04924415059574661,311.15970189906267,91.52457391034365,3.4844561790426574,2.7983992391576376,2.8976599305193435e-08,2.052548998091414e-09,13.393281214874419,0.054098760477214715,0.36321682854431203,1.322546973824501,0.05191145873897127,0.05191145873897127,0.9379135702450488,0.00292056074766355,1.0907575439584132,0.006296891747052517,49.111867168296975,2.2042629619439444,0.0097493268944121,0.0097493268944121,1.0011074161108506,0.0,1.6122805051660787,0.0,2.064390371714353,0.0,0.09163192307502256,0.07422024044680912,0.1845126459996237,0.08125658769303147,0.07971155327245225,0.05020157652430232,0.07087823812809943,0.15774280469356491,0.03818737813498016,311.15939394173614,91.52457391034365,3.484455556770167,2.798399031733474,13.393273290679941,0.054098760477214715,0.36321682305739017,1.3225462709863984,0.050417320323249394,0.9379132324853953,0.002336448598130833,1.0907567156525333,0.005894962486602358,49.111867168296975,2.204262339671454,0.009133599180143717,1.0011074161108506,0.0,1.6122805051660787,0.0,2.064390371714353,0.0,0.0677823305881263,0.09163192307502256,0.07422024043767504,0.18451264631291153,0.0812565901702748,0.07971155327245225,0.05020157707523975,1.0,0.07087823812809943,2.2376666666666667,0.07971511585299706,0.2306605340934862,0.09468354637707477,0.0577324839432248,0.007993618523111194,1.0,0.870864794063059,0.22124932418990398,0.3185253722457945,0.15774280805685628,0.03818737814750015,0.4674755749365503,1.2059398156862091,1.2864495874964632,0.0,2.1,2.072885226499561,0.009862665086984584,0.0021443359298065966,0.0002853668605287767,4.7052473348214455e-05,0.0002853668605287767,4.7052473348214455e-05,0.0
brake_distance_0p12,57.63355059847146,35.52845412342857,3.772018910237106,2.890308914139455,7.678870075269629,0.05580243864996578,0.45109775840685495,30.698642135617785,1.8019702578967507,15.54599261296139,1.029212487637976,17.26820288595722,1.287195042181905,40.717890558191165,2.727513467069794,7.005072901862271,0.7600687962621544,13.512031451641079,1.21267886115203,22.80463034850473,1.7639231540021785,0.09182545597206805,0.0720996949722658,0.29354788633193973,0.0670748920089413,0.10076998793054563,0.09896542885484748,0.06372490338097282,0.2293702569560986,0.17067211228147805,0.0,0.05311724652032176,0.12329849567954126,0.03259372743049941,0.0,0.006832797427652725,0.021570203644158615,0.022763566749636432,0.03787878787878787,0.0067016317016317,0.08333333333333333,0.0780885780885781,0.07605167418251531,0.06934731934731934,0.049491705641975435,301.3268078575493,91.27430668740999,3.4681294734279313,2.7963676784808436,2.8976599305193435e-08,2.0497057216967715e-09,12.86071438265472,0.05354856816886835,0.36079009151059854,1.3197092339396477,0.05162310810459988,0.05162310810459988,0.931509929614549,0.00292056074766355,1.0909112440155393,0.006430868167202567,48.62952123706498,2.2044082482655845,0.0097493268944121,0.0097493268944121,0.9876780850390787,0.0,1.5778420590019475,0.0,2.0590430109545346,0.0,0.09544495078971212,0.07457346721698456,0.18543802417016006,0.08163150397043717,0.07986616802962226,0.05025906056826296,0.0707238639138781,0.1574921456734916,0.038195054594132076,301.3265261324753,91.27430668740999,3.468128851155441,2.7963674710566804,12.8607122252539,0.05354856816886835,0.36079008604973506,1.319708531101545,0.05026294610902806,0.9315095918548955,0.002336448598130833,1.0909110365913757,0.006296891747052517,48.62952123706498,2.204407625993094,0.009133599180143717,0.9876780850390787,0.0,1.5778420590019475,0.0,2.0590430109545346,0.0,0.06802988563435512,0.09544495078971212,0.07457346721294981,0.18543802467831128,0.08163150587064318,0.0798661691125569,0.0502590609847532,1.0,0.0707238639138781,2.2376666666666667,0.07987107729687754,0.23180497438271352,0.09447424345169009,0.05794125384776947,0.00819672442027286,1.0,0.870866905400297,0.2254154690096566,0.3253153513432951,0.15749214903678296,0.03819505460829116,0.4674755749365503,1.2032625080938595,1.255319407209754,0.0,2.1,2.074803417914469,0.009858928620815225,0.00214324225547353,0.000300128012895573,4.9972389725581195e-05,0.000300128012895573,4.9972389725581195e-05,0.0
brake_distance_0p2,58.079402119428835,35.686991748915325,3.7686626928906133,2.8689563032998358,7.679082960087982,0.05417101419990347,0.4490793941514661,30.581772591439897,1.8036066997919942,15.928884478481562,1.0383079877904207,18.006045953203028,1.292672058237364,41.62563815802196,2.7545683013702984,6.94008031258156,0.7770292192318933,13.293550584960082,1.2125551163014314,22.457186999960346,1.7591841526843846,0.10489365567917042,0.07298680911294965,0.29519526333437845,0.0675709336064383,0.1007849587310491,0.09901632287908817,0.0637474823857168,0.6624711426835085,0.20767720558397176,0.0,0.052540545251578974,0.5259692044078226,0.06721516732546318,0.0052447552447552415,0.006698821007502675,0.03818327974276527,0.02651490651383794,0.04516317016317017,0.010198135198135191,0.08936227224008575,0.08275058275058275,0.08558808792453652,0.07517482517482517,0.04882484819822905,295.8372615466942,89.37150436395315,3.422396257519722,2.7958218147978187,2.9795169775859165e-08,2.0472822264534695e-09,15.353864192836758,0.052171336523266165,0.3598381022610231,1.3149728377660115,0.051046406835857074,0.051046406835857074,0.9307561113018892,0.00292056074766355,1.1295004915155005,0.0057609860664523,46.75403159732583,2.2288660208384194,0.010040702185787382,0.010040702185787382,0.9699624127582259,0.0,1.5520881958461057,0.0,2.061237876328429,0.0,0.10517302237997676,0.07521266175229978,0.18759653217362715,0.08278584758695244,0.08077107445428637,0.0504937713134484,0.06976865583576032,0.1566849932407547,0.03816391166301665,295.8372615466942,89.37150436395315,3.422395635247232,2.7958216073736555,15.353860346203753,0.052171336523266165,0.35983809685160395,1.314972134927909,0.04955226842013521,0.9307557735422356,0.002336448598130833,1.129500284091337,0.005493033226152192,46.75403159732583,2.228865191141763,0.009424974471519,0.9699624127582259,0.0,1.5520881958461057,0.0,2.061237876328429,0.0,0.06680672471593724,0.10517302237997676,0.07521266175221293,0.18759653244617636,0.08278584758695244,0.08077107541792024,0.05049377182861811,1.0,0.06976865583576032,2.2376666666666667,0.08077301528537342,0.23570746078745916,0.09426498635884373,0.05878420453991214,0.010251645839400497,1.0,0.8710241446942811,0.23944550234317097,0.3471796823237923,0.15668499660404608,0.03816391167707542,0.4674755749365503,1.2051393463473739,1.2829173142866541,0.0,2.1,2.063832354236956,0.009883531679709701,0.0021374475468143917,0.00031800288707015627,5.529811898058171e-05,0.00031800288707015627,5.529811898058171e-05,0.0
brake_distance_0p3,60.464008629328305,37.48385035965924,3.860780210575103,2.88836746495204,7.965967466906363,0.05245728269653014,0.4528567882723105,33.08356194568308,1.8648096197402297,15.896226291114004,1.0402116048081618,19.33257342185379,1.3778827093234642,45.28983023230643,2.875567420768169,6.8298533433749045,0.8390391887790346,13.530518288226022,1.2289953678246233,22.710317348755765,1.7511687591174818,0.11920800341719384,0.07412613138212097,0.2972765026409647,0.07381398436221558,0.10181196707430325,0.09922464524884587,0.06381418297720372,0.8946716124949962,0.2377414343352823,0.0,0.05196384398283618,0.6161233281427629,0.09521297077787531,0.008741258741258742,0.006832797427652733,0.5004376188673906,0.034559533401810075,0.053904428904428904,0.008449883449883441,0.09458735262593783,0.08304195804195803,0.09132709191120404,0.078578742130144,0.049609713711613775,297.2486408149659,94.53218403602172,3.4953253343701363,2.8708305070176725,3.1774043988500957e-08,1.97416674833221e-09,15.362694517629707,0.050448771242322506,0.36266488474376196,1.3411066805322964,0.050181354932742894,0.050181354932742894,0.9301472058117118,0.00292056074766355,1.220933512134555,0.005894962486602358,51.98619716490273,2.347078174352646,0.012181085167291857,0.012181085167291857,1.0328245716664242,0.0,1.5821480677307893,0.0,2.0781257911058524,0.0,0.1205439282912535,0.07588478937936599,0.19072447414212548,0.08528991780261318,0.08323737008502634,0.05112707146351719,0.07117796333430067,0.15538156021188976,0.038221873932173904,297.24889196161564,94.53218403602172,3.4953247120976463,2.870830299593509,15.36269451051164,0.050448771242322506,0.3626648186424651,1.341105977694194,0.048398865882649626,0.9301468680520583,0.002336448598130833,1.2209333047103916,0.00562700964630225,51.98619716490273,2.347077137231826,0.011175949353335,1.0328245716664242,0.0,1.5821480677307893,0.0,2.0781257911058524,0.0,0.0675382734804177,0.1205439282912535,0.07588478937401316,0.19072447421060124,0.08528991773225686,0.08323737008502634,0.05112707202811928,1.0,0.07117796333430067,2.2376666666666667,0.08324237590999936,0.24142597265581153,0.09421348522051604,0.06059872038847791,0.013649405776114322,1.0,0.8727751924117021,0.2651700356602901,0.3873676657606537,0.15538156357518115,0.038221873970244326,0.4674755749365503,1.2007975432190496,1.2529051207820885,0.0,2.1,2.033185267305998,0.009895144651333433,0.002129865717604738,0.0003358178461591289,5.865598082639004e-05,0.0003358178461591289,5.865598082639004e-05,0.0
brake_distance_0p5,65.2441793187595,40.38866224002073,4.017827720386541,2.958602314015995,8.929503413484904,0.0493964595577339,0.4598159086887728,36.203538164964556,1.9054464322682323,16.213866600413674,1.0122792500022506,20.96119481445992,1.4794918944887232,50.428886267655656,3.0128232654936866,7.283215204810161,0.891590091035629,14.378307318075358,1.2636338246875731,22.272142153021687,1.717459075785472,0.14655189247652742,0.07495951960236062,0.3012007443318235,0.08089872812412584,0.10425550525325238,0.10139901323871198,0.06412500805186977,0.9941050375133976,0.32518609556768613,0.0,0.050924020071429356,0.8218095574527945,0.16272439466615718,0.016608391608391608,0.006698821007502675,0.6629205303660645,0.06170393682812331,0.09083976045390835,0.0,0.16852109618234948,0.08826703842781013,0.12748857480907438,0.08490185826634424,0.05454991234023137,303.24851498638355,101.62337268411648,3.5349235986359417,2.882644150716563,3.414551411062838e-08,2.222408305436162e-09,13.273905062266172,0.04772804665202207,0.37358535974766244,1.357502614458402,0.04969783449600759,0.04969783449600759,0.9126101300959514,0.0035046728971962586,1.298272867037061,0.0057609860664523,67.17554914454581,2.4343195060888925,0.020846024032763002,0.020846024032763002,1.1175917673729903,0.0,1.6182027272103976,0.0,1.9512537443328408,0.0,0.14529684055805428,0.07658881435035421,0.19630287136189942,0.08845107398348796,0.08635783295667043,0.05229723449682821,0.07980951749241914,0.1573916844671173,0.038374191399303766,303.24851498638355,101.62337268411648,3.534922561515122,2.882643735868236,13.27390505155094,0.04772804665202207,0.3735854137162326,1.3575016011794414,0.047894947651843024,0.9126097923362978,0.00292056074766355,1.2982726596128975,0.005493033226152192,67.17554914454581,2.4343182615439094,0.018608228448051423,1.1175917673729903,0.0,1.6182027272103976,0.0,1.9512537443328408,0.0,0.0749167700737102,0.14529684055805428,0.0765888143414204,0.19630287143712952,0.08845107275669516,0.08635783288929101,0.05229723502867812,1.0,0.07980951749241914,2.2376666666666667,0.08636288321654152,0.25007524316852137,0.10576732100747711,0.06327663195901316,0.018381895361010796,1.0,0.8794969932075348,0.3142963146375403,0.4510796535636912,0.15739168867679462,0.038374191468367486,0.4671872243021789,1.2029578090021533,1.2682169932910863,0.0,2.1,1.9976151106495543,0.010472810516754723,0.002107170420162672,0.0005514631047844714,0.00010703028933163035,0.0005514631047844714,0.00010703028933163035,0.0
control_caps_x0p75,54.34743422470413,34.13079665548014,3.184658468056884,2.6119936863155764,6.85207956164195,0.053977522750503486,0.3816567907704426,26.383890000673247,1.4986119493892351,16.52961663815685,1.030521560988768,19.784314905951906,1.2347735681471566,35.99675262408326,2.334205673722336,6.963501524118324,0.7594223070579224,12.558121360914134,1.1329724036368063,23.890272855979067,1.6401555146636433,0.10837911998599108,0.07405532037052676,0.30077006081010665,0.024454273526455503,0.10447192765459594,0.10217290247242831,0.06581826637203658,0.6500227099990951,0.3649902780309522,0.0,0.12926696941193272,0.5108913279634548,0.10601715769353913,0.0052447552447552415,0.016077170418006426,0.038719185423365485,0.07121483805474477,0.04603729603729603,0.0011655011655011583,0.08989817792068595,0.08304195804195803,0.08539746857503867,0.1157643835914864,0.0,340.4239719202451,81.59116482905421,2.871297920743624,2.579670206954082,0.0,0.0,15.548251443729848,0.052187946111762584,0.3118427008762966,1.0666024560729663,0.12737154740525536,0.12737154740525536,0.8468188925689901,0.046648836533742015,1.0325774740825484,0.016077170418006426,47.311584154764525,1.8868048985799157,0.05171581924691895,0.05171581924691895,0.9396235782332951,0.0,1.4360173954628408,0.0,1.8873071167557025,0.03941176470588235,0.10665299730304732,0.07594630330949527,0.19596125004080597,0.08866186397920471,0.08673195902051543,0.05362142851224685,0.25356555975369993,0.1388079640988402,0.03780405579872174,340.4239719202451,81.59116482905421,2.871297920743624,2.579670206954082,15.548251443729848,0.052187946111762584,0.3118427008762966,1.0666024560729663,0.0,0.8468188925689901,0.0,1.0325774740825484,0.0,47.311584154764525,1.8868048985799157,0.0,0.9396235782332951,0.0,1.4360173954628408,0.0,1.8873071167557025,0.0,0.0,0.10665299730304732,0.07594630330949527,0.19596125004080597,0.08866186397920471,0.08673195902051543,0.05362142851224685,1.0,0.0,2.2376666666666667,0.08673798033535557,0.2562457739931888,0.10392887178819894,0.06228559072075066,0.018248559314568792,1.0,0.8808224137215662,0.28431369268777396,0.4034078214093826,0.1388079640988402,0.03780405579872174,0.4818002183620293,1.2080877593598653,1.2812817784530732,0.0,2.1,2.7202282207708657,0.010214025775591475,0.0022641497086809473,0.0002941278119881816,4.922485950262719e-05,0.0002941278119881816,4.922485950262719e-05,0.0
control_caps_x1,58.079402119428835,35.686991748915325,3.7686626928906133,2.8689563032998358,7.679082960087982,0.05417101419990347,0.4490793941514661,30.581772591439897,1.8036066997919942,15.928884478481562,1.0383079877904207,18.006045953203028,1.292672058237364,41.62563815802196,2.7545683013702984,6.94008031258156,0.7770292192318933,13.293550584960082,1.2125551163014314,22.457186999960346,1.7591841526843846,0.10489365567917042,0.07298680911294965,0.29519526333437845,0.0675709336064383,0.1007849587310491,0.09901632287908817,0.0637474823857168,0.6624711426835085,0.20767720558397176,0.0,0.052540545251578974,0.5259692044078226,0.06721516732546318,0.0052447552447552415,0.006698821007502675,0.03818327974276527,0.02651490651383794,0.04516317016317017,0.010198135198135191,0.08936227224008575,0.08275058275058275,0.08558808792453652,0.07517482517482517,0.04882484819822905,295.8372615466942,89.37150436395315,3.422396257519722,2.7958218147978187,2.9795169775859165e-08,2.0472822264534695e-09,15.353864192836758,0.052171336523266165,0.3598381022610231,1.3149728377660115,0.051046406835857074,0.051046406835857074,0.9307561113018892,0.00292056074766355,1.1295004915155005,0.0057609860664523,46.75403159732583,2.2288660208384194,0.010040702185787382,0.010040702185787382,0.9699624127582259,0.0,1.5520881958461057,0.0,2.061237876328429,0.0,0.10517302237997676,0.07521266175229978,0.18759653217362715,0.08278584758695244,0.08077107445428637,0.0504937713134484,0.06976865583576032,0.1566849932407547,0.03816391166301665,295.8372615466942,89.37150436395315,3.422395635247232,2.7958216073736555,15.353860346203753,0.052171336523266165,0.35983809685160395,1.314972134927909,0.04955226842013521,0.9307557735422356,0.002336448598130833,1.129500284091337,0.005493033226152192,46.75403159732583,2.228865191141763,0.009424974471519,0.9699624127582259,0.0,1.5520881958461057,0.0,2.061237876328429,0.0,0.06680672471593724,0.10517302237997676,0.07521266175221293,0.18759653244617636,0.08278584758695244,0.08077107541792024,0.05049377182861811,1.0,0.06976865583576032,2.2376666666666667,0.08077301528537342,0.23570746078745916,0.09426498635884373,0.05878420453991214,0.010251645839400497,1.0,0.8710241446942811,0.23944550234317097,0.3471796823237923,0.15668499660404608,0.03816391167707542,0.4674755749365503,1.2053323276037737,1.2791466952573198,0.0,2.1,2.063832354236956,0.009883531679709701,0.0021374475468143917,0.00031800288707015627,5.529811898058171e-05,0.00031800288707015627,5.529811898058171e-05,0.0
control_caps_x1p25,58.98615199168603,37.077098626035244,3.8172100141039103,2.8953934177653244,8.201857640019439,0.05477506093038929,0.47272246640049476,32.72897807740932,1.8990146981118474,15.492416837345326,0.9997678747326292,18.198392843480846,1.2642649159750363,41.349024021776124,2.806616146957461,6.841209693149994,0.7870016932688816,14.33030096177084,1.2716112078685675,22.53672324575271,1.7448173468551484,0.100939730607311,0.07279574698463087,0.29559458733917277,0.06737069641292463,0.10153264303009153,0.09966656026298049,0.06408725128109267,0.6611921061117021,0.20470255613559366,0.0,0.034954401658526084,0.5261639084576668,0.0837451659284162,0.0052447552447552415,0.000937834941050375,0.03764737406216506,0.022860248935323516,0.04487179487179487,0.010198135198135191,0.08842443729903537,0.08275058275058275,0.08558808792453652,0.07517482517482517,0.056007417880825694,331.70153265397556,102.02635566808264,3.7377594659725824,2.9244531489287815,0.041064698692858,0.0043026004761936515,15.423248715553633,0.05290179311870796,0.39548858109788815,1.511437352746725,0.03453207460400464,0.03453207460400464,0.9238989661450129,0.0,1.161976945392477,0.0,54.36965885261657,2.505982294678688,0.006474296901493375,0.006474296901493375,0.9788601916322174,0.0,1.6910687651640426,0.0,2.076876968904647,0.0,0.10237489673678579,0.07509534500247415,0.1867502940963187,0.07982058409188351,0.07781843816921406,0.04904386936533104,0.04100637150549802,0.15880070786948572,0.03829734438128845,344.96634345430556,101.12107521986964,3.464914028644563,2.8938903244150187,15.543092921469507,0.05290179311870796,0.3801116873392045,1.4133629500865943,0.05366196033927093,0.9177959819947623,0.004283489096573208,1.0995023778996744,0.005894962486602358,40.36628330747285,2.2476205786069228,0.02685403582700034,0.9788601916322174,0.0,1.6910687651640426,0.0,2.076876968904647,0.0,0.07454681222464869,0.10237489673678579,0.07509006541982675,0.1968210072938751,0.08332475300735097,0.0813333932329783,0.05098592401176786,1.0,0.0756793512155433,2.2376666666666667,0.07782027132642623,0.23397897901692136,0.08924167908157826,0.0577852154940623,0.008757839473984017,1.0,0.8707961807109434,0.22096144497510337,0.3154213597893893,0.17702221275582672,0.040171675819410384,0.46637412459251265,1.2093240388879216,1.2848922958558735,0.0,2.1,2.3110684663377707,0.011188633739948217,0.0023843983599038756,0.00028536158303419057,4.71363741708788e-05,0.00028536158303419057,4.71363741708788e-05,0.0
control_caps_x1p5,59.084831443816256,37.63745615835379,3.8216895641794237,2.903386707378294,8.340965605257882,0.055200180598795466,0.47651258512238925,33.33378361875804,1.9112670179750673,14.91038680201975,1.0019271653285433,17.078880982992697,1.24704248125951,41.36413543269183,2.8095028192659424,6.805580131592322,0.7917434873545671,15.310118646011555,1.2969137712202345,22.877895165098945,1.7359357971735816,0.09867034507020123,0.07265381165507476,0.2983348665629467,0.06968534493382435,0.10216495342309345,0.10046853182064629,0.0645192045832962,0.6609974020618579,0.20070924127837175,0.0,0.024798154555940023,0.5261639084576668,0.09110723127780396,0.005536130536130533,0.0,0.03764737406216506,0.020796063928185733,0.044580419580419584,0.009615384615384607,0.08842443729903537,0.08275058275058275,0.0853933838746923,0.07488344988344989,0.048162387659838456,327.71827498360534,115.73061012313703,4.00016891459624,3.0200533429160714,0.059406619920432356,0.007092272316798991,17.065627443839276,0.0532609427650804,0.4282028561905524,1.6604169892768066,0.024509803921568624,0.024509803921568624,0.935231203281243,0.0,1.1483183067563612,0.0,63.75823169946653,2.762959028283755,0.003861728427094025,0.003861728427094025,0.9957511026451963,0.0,1.8184874206781387,0.0,2.0919099255820583,0.0,0.10085165159107111,0.0749969546565188,0.18633284136907058,0.07735717344862278,0.07550699642947403,0.04797026912812874,0.02837153234866265,0.15884583777628342,0.03842074911748134,370.5115786620244,113.59264832455666,3.464833934903146,2.932036325236163,15.938907981119343,0.0532609427650804,0.38360402962244367,1.4287144790093114,0.06085067095273163,0.9279994561705585,0.004672897196261675,1.0840916110598486,0.005894962486602358,40.207761339843245,2.242002427379292,0.038385036544852286,0.9957511026451963,0.0,1.8184874206781387,0.0,2.0919099255820583,0.0,0.07493319566733327,0.10085165159107111,0.07499196954887782,0.20027126737482892,0.08463112121716555,0.08245228987255968,0.05134577787535654,1.0,0.07629638231990898,2.2376666666666667,0.07550877518241342,0.23289489074899986,0.0844277076542666,0.05708552199028044,0.007838209240126699,1.0,0.8706695492526443,0.21153146785178442,0.2999053610418158,0.19887717979154085,0.0428285379247744,0.46637412459251265,1.2018423668756466,1.273607026572184,0.0,2.1,2.2699776770667355,0.011257984985907826,0.0023851189540709853,0.00028145095954337687,4.712463430912617e-05,0.00028145095954337687,4.712463430912617e-05,0.0
current_deployment,58.079402119428835,35.686991748915325,3.7686626928906133,2.8689563032998358,7.679082960087982,0.05417101419990347,0.4490793941514661,30.5817725914399,1.8036066997919942,15.928884478481562,1.0383079877904207,18.006045953203028,1.292672058237364,41.62563815802196,2.7545683013702984,6.94008031258156,0.7770292192318933,13.293550584960082,1.2125551163014314,22.457186999960346,1.7591841526843846,0.10489365567917042,0.07298680911294965,0.29519526333437845,0.0675709336064383,0.1007849587310491,0.09901632287908817,0.0637474823857168,0.6624711426835085,0.20767720558397176,0.0,0.052540545251578974,0.5259692044078226,0.06721516732546318,0.0052447552447552415,0.006698821007502675,0.03818327974276527,0.02651490651383794,0.04516317016317017,0.010198135198135191,0.08936227224008575,0.08275058275058275,0.08558808792453652,0.07517482517482517,0.048824848198229055,295.8372615466942,89.37150436395315,3.422396257519722,2.7958218147978187,2.9795169775859165e-08,2.0472822264534695e-09,15.353864192836758,0.052171336523266165,0.3598381022610231,1.3149728377660115,0.051046406835857074,0.051046406835857074,0.9307561113018892,0.00292056074766355,1.1295004915155005,0.0057609860664523,46.75403159732583,2.2288660208384194,0.010040702185787382,0.010040702185787382,0.9699624127582259,0.0,1.5520881958461057,0.0,2.061237876328429,0.0,0.10517302237997676,0.07521266175229978,0.18759653217362715,0.08278584758695244,0.08077107445428637,0.0504937713134484,0.06976865583576032,0.1566849932407547,0.03816391166301665,295.8372615466942,89.37150436395315,3.422395635247232,2.7958216073736555,15.353860346203753,0.052171336523266165,0.35983809685160395,1.314972134927909,0.04955226842013521,0.9307557735422356,0.002336448598130833,1.129500284091337,0.005493033226152192,46.75403159732583,2.228865191141763,0.009424974471519,0.9699624127582259,0.0,1.5520881958461057,0.0,2.061237876328429,0.0,0.06680672471593724,0.10517302237997676,0.07521266175221293,0.18759653244617636,0.08278584758695244,0.08077107541792024,0.05049377182861811,1.0,0.06976865583576032,2.2376666666666667,0.08077301528537342,0.23570746078745916,0.09426498635884373,0.05878420453991214,0.010251645839400497,1.0,0.8710241446942811,0.23944550234317097,0.34717968232379226,0.15668499660404608,0.03816391167707542,0.4674755749365503,1.1812930985289207,1.236184993952823,0.0,2.1,2.063832354236956,0.009883531679709701,0.0021374475468143913,0.00031800288707015627,5.529811898058171e-05,0.00031800288707015627,5.529811898058171e-05,0.0
energy_0,58.752580986927406,36.03949354657852,3.736027873842908,2.852665922783789,7.802976192069491,0.055316603128608706,0.44426638669547414,30.92550606347443,1.7926003234410839,15.994980419596976,1.0390042677746167,18.356361589869575,1.3170537639170858,43.1293538392814,2.704370410156288,7.183299272281691,0.8071484000616018,13.36994244723366,1.2034325641827726,22.831916898887787,1.7664931917613476,0.10463608539725523,0.07301103071404347,0.2928832202147011,0.06610466719198539,0.100237490606371,0.09852702912354866,0.06349992605575373,0.6626051191036585,0.21086952036712855,0.0,0.05207742260891493,0.5259692044078226,0.06934209011216995,0.00495337995337995,0.007100750267952833,0.03831725616291532,0.02804644580995584,0.04108391608391609,0.0099067599067599,0.08936227224008575,0.08275058275058275,0.08558808792453652,0.07575757575757576,0.04976083743518108,453.831692179089,92.20214419959429,3.400589045971477,2.7929336857050657,3.073136004931124e-08,2.091204174760162e-09,14.877407365933154,0.05328682477791105,0.3602101585508359,1.32644921541214,0.0510056112477145,0.0510056112477145,0.9440064930762068,0.003699376947040492,1.1836612544963525,0.006296891747052508,47.073625028133414,2.216393748919169,0.011523525886352783,0.011523525886352783,1.0339809208138224,0.0,1.5340407747620095,0.0,2.103893905162598,0.0,0.10500287520983868,0.07523332968703124,0.1858662924800484,0.08218451444447279,0.08016808893209422,0.050197160505537575,0.07252540582816029,0.15670412503512893,0.03836298572431224,453.8315884670072,92.20214419959429,3.4005884236989865,2.7929334782809025,14.877407373512002,0.05328682477791105,0.3602101531499789,1.3264469603697464,0.04989300429837151,0.9440061553165532,0.00292056074766355,1.1836610470721889,0.005894962486602358,47.073625028133414,2.2163929192225127,0.010566452478562692,1.0339809208138224,0.0,1.5340407747620095,0.0,2.103893905162598,0.0,0.0692749800112001,0.10500287520983868,0.07523332967805262,0.1858662926177074,0.08218451444447279,0.08016808893209422,0.05019716106590843,1.0,0.07252540582816029,2.2376666666666667,0.08016997588213254,0.23327916200661256,0.0936370775826897,0.05850088166478582,0.010415007127166106,1.0,0.8732685416796326,0.23862361281495015,0.3475338701681159,0.15670413006337672,0.03836298574611311,0.46534933668292955,1.176134603366403,1.2357530528485465,0.0,2.1,2.079919579095489,0.009727469334999657,0.00210841904046871,0.00031084070603051465,5.4294399051205334e-05,0.00031084070603051465,5.4294399051205334e-05,0.0
energy_0p0001,50.110023588988234,33.55060875478535,3.6202068820569995,2.8638924265400476,6.822471264407312,0.05078693907897922,0.43382409936458827,24.834621602498775,1.6838383279344544,15.237502718047198,1.0127767716452316,16.194664098373504,1.2069964096655885,35.59678696224541,2.5558597493676047,6.257263845230213,0.7115021272353186,11.791600205173225,1.137664509486734,21.58782510721998,1.7109970938194081,0.10448275187954043,0.07308758135087222,0.30092050828164724,0.06519858284759655,0.10190654495459239,0.09993562014794748,0.06434706430743521,0.6622559321233572,0.2038361979190514,0.0,0.05921218893531601,0.5253038581182886,0.06397661242026854,0.006410256410256408,0.005493033226152192,0.03818327974276527,0.02503218278654044,0.06643356643356643,0.01048951048951049,0.08922829581993569,0.08275058275058275,0.08471532361719276,0.07226107226107226,0.04707747486808267,165.8698473647746,37.18060074390911,3.336298900345961,2.760071779290835,2.809604004079998e-08,2.18278637361295e-09,8.644389047715293,0.04874118234292102,0.36562456288578726,1.3181135679284732,0.05602375456051554,0.05602375456051554,0.8870966291093888,0.0,1.027221333780896,0.005359056806002142,38.5743286460637,2.1151000012954078,0.007123215703078875,0.007123215703078875,0.8782188324403251,0.0,1.4655585788811247,0.0,1.8943628992929007,0.0,0.10552865896636825,0.0752427015911224,0.19286915847116323,0.08471095282396096,0.0826605029794188,0.05141969555725176,0.06730120779248815,0.14890770821891666,0.03731913380817734,165.8698473647746,37.18060074390911,3.3362972423434254,2.7600715718666713,8.644389062605818,0.04874118234292102,0.3656245477527673,1.318112527330717,0.05435516697124839,0.8870966291093888,0.0,1.0272211263567324,0.0050911039657020336,38.5743286460637,2.1150983432928716,0.004620825570802892,0.8782188324403251,0.0,1.4655585788811247,0.0,1.8943628992929007,0.0,0.06366549008205051,0.10552865896636825,0.07524270159106593,0.19286915922328185,0.08471095677350272,0.0826605029794188,0.05141969630124709,1.0,0.06730120779248815,2.2376666666666667,0.08266262265554741,0.24118740172111533,0.09616078077116715,0.05986088187630679,0.0098189238927351,1.0,0.8659283287086031,0.24101053029420347,0.345617776582457,0.14890771071913284,0.037319133747000785,0.4740165322283938,1.2070651838005662,1.2685172439281207,0.0,2.1,1.9860433291064206,0.009251945962508482,0.002069384737236243,0.0003024122367302389,5.2770644558790135e-05,0.0003024122367302389,5.2770644558790135e-05,0.0
energy_1em05,58.96998740747111,35.76214291966856,3.7649214743995985,2.85885211866944,7.794986995954214,0.05474533906395437,0.44730820369508084,31.177582210813807,1.8070050157075908,15.96596145041051,1.0390655331009186,18.19319852150107,1.3036412122208458,42.91203087906078,2.7440979415536533,7.030839219763959,0.7905303240404528,13.399980305825222,1.2114559737395998,22.585374200380127,1.7635415286358223,0.10483600199686728,0.07299647245215626,0.2940995176254279,0.06683487038248138,0.1005543073373746,0.09882222288284422,0.06363940894632572,0.6624711426835085,0.20887747801291154,0.0,0.052252194617207565,0.5259692044078226,0.06789292605952305,0.00495337995337995,0.006966773847802783,0.03818327974276527,0.0273287955000931,0.04312354312354313,0.010198135198135191,0.08936227224008575,0.08275058275058275,0.08558808792453652,0.07546620046620046,0.04935240130628069,336.7099154161224,90.54797216473771,3.413872172435125,2.80073430078725,3.0523935878878916e-08,2.013463258611039e-09,14.934366782200923,0.05272240117875588,0.3600501816119614,1.320711337029934,0.05115998546193586,0.05115998546193586,0.9373108349185107,0.003309968847352025,1.1537054203169343,0.005894962486602358,46.891123056411686,2.2223747024933496,0.011001012191472917,0.011001012191472917,0.996172265028387,0.0,1.5505643095821142,0.0,2.0803381435972788,0.0,0.10511204459222724,0.07522427802553537,0.1867557370629056,0.08247443742100298,0.08048951621753475,0.050352272253036845,0.07136592898736316,0.1569849151262658,0.038268415477901045,336.7096222047365,90.54797216473771,3.4138715501626344,2.800734093363087,14.934363519170587,0.05272240117875588,0.36005010331381415,1.3207103237509732,0.04966584704621397,0.9373104971588572,0.0027258566978193084,1.1537052128927707,0.00562700964630225,46.891123056411686,2.2223738727966933,0.010187123205217757,0.996172265028387,0.0,1.5505643095821142,0.0,2.0803381435972788,0.0,0.06820583659555329,0.10511204459222724,0.0752242780254471,0.18675573690996705,0.08247443742100298,0.08048951621753475,0.05035227277065064,1.0,0.07136592898736316,2.2376666666666667,0.08049141776556894,0.23455280869060946,0.09384638050807437,0.05864809230862133,0.010348051976808825,1.0,0.871992724911883,0.2391400420608217,0.3473572437241816,0.15698491684129007,0.03826841550600902,0.4663684579946441,1.2106119100959531,1.285021832154598,0.0,2.1,2.073170916547987,0.009819589555263476,0.002129170486960385,0.0003154464066028381,5.4930594672261355e-05,0.0003154464066028381,5.4930594672261355e-05,0.0
energy_2em05,58.079402119428835,35.686991748915325,3.7686626928906133,2.8689563032998358,7.679082960087982,0.05417101419990347,0.4490793941514661,30.581772591439897,1.8036066997919942,15.928884478481562,1.0383079877904207,18.006045953203028,1.292672058237364,41.62563815802196,2.7545683013702984,6.94008031258156,0.7770292192318933,13.293550584960082,1.2125551163014314,22.457186999960346,1.7591841526843846,0.10489365567917042,0.07298680911294965,0.29519526333437845,0.0675709336064383,0.1007849587310491,0.09901632287908817,0.0637474823857168,0.6624711426835085,0.20767720558397176,0.0,0.052540545251578974,0.5259692044078226,0.06721516732546318,0.0052447552447552415,0.006698821007502675,0.03818327974276527,0.02651490651383794,0.04516317016317017,0.010198135198135191,0.08936227224008575,0.08275058275058275,0.08558808792453652,0.07517482517482517,0.04882484819822905,295.8372615466942,89.37150436395315,3.422396257519722,2.7958218147978187,2.9795169775859165e-08,2.0472822264534695e-09,15.353864192836758,0.052171336523266165,0.3598381022610231,1.3149728377660115,0.051046406835857074,0.051046406835857074,0.9307561113018892,0.00292056074766355,1.1295004915155005,0.0057609860664523,46.75403159732583,2.2288660208384194,0.010040702185787382,0.010040702185787382,0.9699624127582259,0.0,1.5520881958461057,0.0,2.061237876328429,0.0,0.10517302237997676,0.07521266175229978,0.18759653217362715,0.08278584758695244,0.08077107445428637,0.0504937713134484,0.06976865583576032,0.1566849932407547,0.03816391166301665,295.8372615466942,89.37150436395315,3.422395635247232,2.7958216073736555,15.353860346203753,0.052171336523266165,0.35983809685160395,1.314972134927909,0.04955226842013521,0.9307557735422356,0.002336448598130833,1.129500284091337,0.005493033226152192,46.75403159732583,2.228865191141763,0.009424974471519,0.9699624127582259,0.0,1.5520881958461057,0.0,2.061237876328429,0.0,0.06680672471593724,0.10517302237997676,0.07521266175221293,0.18759653244617636,0.08278584758695244,0.08077107541792024,0.05049377182861811,1.0,0.06976865583576032,2.2376666666666667,0.08077301528537342,0.23570746078745916,0.09426498635884373,0.05878420453991214,0.010251645839400497,1.0,0.8710241446942811,0.23944550234317097,0.3471796823237923,0.15668499660404608,0.03816391167707542,0.4674755749365503,1.2045216251639135,1.2663570121124696,0.0,2.1,2.063832354236956,0.009883531679709701,0.0021374475468143917,0.00031800288707015627,5.529811898058171e-05,0.00031800288707015627,5.529811898058171e-05,0.0
energy_3em05,57.079915821119165,35.48199525480399,3.76006444198201,2.87523290060809,7.5955458801775455,0.05359200202235792,0.44947885996998355,29.751795512941516,1.789703038102514,15.79813120507628,1.0363773966926766,17.8324835863818,1.282369269364371,40.76408285800278,2.7529632438486735,6.781444685462181,0.765544249650898,13.136459378580348,1.2073702468688567,21.691023404544413,1.7543057296647089,0.1048742326241981,0.07298518593351977,0.2962055568534879,0.06748991791306413,0.10096225186793749,0.09917944887987083,0.06383930093344663,0.6624711426835085,0.2046216334042861,0.0,0.05227259241127887,0.5257745003579783,0.0656699473712352,0.0052447552447552415,0.006430868167202567,0.03818327974276527,0.026717284957541217,0.04720279720279721,0.010780885780885775,0.08936227224008575,0.08275058275058275,0.08549141668300546,0.07517482517482517,0.047324136539294875,230.19816592295683,39.38578565187837,3.424231273432573,2.800669732193152,2.9795169775859165e-08,2.0060269829343353e-09,12.227135532648022,0.05161241256332153,0.36104902864353366,1.3166125863790512,0.05077845399555697,0.05077845399555697,0.9082919209504325,0.0021417445482866,1.1098925418385381,0.00562700964630225,51.97788588702667,2.2397233794132867,0.00981280038017825,0.00981280038017825,0.9439719785101867,0.0,1.5501795763460298,0.0,1.9568401745194326,0.0,0.10521631485119538,0.07520703574678979,0.18831874488923137,0.08306764118633074,0.08104191579606343,0.05062281282568334,0.06836000857032408,0.1560848619166285,0.03805726192286176,230.19816592295683,39.38578565187837,3.424230030278366,2.8006695247689883,12.227125111003735,0.05161241256332153,0.36104888853776645,1.3166118835409486,0.04939789420591387,0.908291583190779,0.001752336448598125,1.1098923344143747,0.005359056806002142,51.97788588702667,2.239721928834914,0.008666062335715674,0.9439719785101867,0.0,1.5501795763460298,0.0,1.9568401745194326,0.0,0.06517534979622981,0.10521631485119538,0.07520703574249636,0.18831874500361365,0.08306764614838624,0.08104191579606343,0.05062281320224362,1.0,0.06836000857032408,2.2376666666666667,0.08104387107849834,0.23640710467023174,0.09447429078307969,0.05891690143102293,0.00998440786873695,1.0,0.8702499810476981,0.23958245267293207,0.3468583363753446,0.15608486610405342,0.03805726193043465,0.46802234757508954,1.2063405257370758,1.255774628953077,0.0,2.1,2.053915982331516,0.009893449644247642,0.002142476178168149,0.00031921236465372874,5.545996661050124e-05,0.00031921236465372874,5.545996661050124e-05,0.0
energy_5em05,54.9869903677789,35.2901096217253,3.728704179999209,2.892147426142305,7.366179029781914,0.05254278788787911,0.4472555376066043,27.955575189451654,1.758494033308123,15.610809139382347,1.0297558240142408,17.366430674103935,1.261604488615544,39.63405778223558,2.7201644426443075,6.666795803096476,0.7464889957109188,12.831412222530467,1.189081626228988,21.638901666621425,1.7422393979710282,0.10475624248003278,0.07300765021956947,0.29788678526386314,0.06676965702653817,0.10125249147403577,0.09943317646532651,0.06399673811020072,0.662860550783197,0.20333208030785735,0.0,0.0516027103105286,0.5259692044078226,0.06497236531185947,0.005536130536130533,0.0057609860664523,0.03831725616291532,0.027951623215727917,0.05157342657342657,0.011363636363636359,0.08922829581993569,0.08275058275058275,0.0853947454414744,0.07459207459207459,0.045273780911823845,203.94376789075372,40.01977332033378,3.3989734947681427,2.7965487679466605,2.6860634429655878e-08,1.917512236056987e-09,11.444282497394896,0.050599397348015995,0.3635161675054379,1.3180154686172803,0.04941829199998515,0.04941829199998515,0.9025260369526222,0.0,1.0826878697116626,0.00562700964630225,47.24311487128333,2.2112776835759482,0.008569611718431725,0.008569611718431725,0.9191772343039398,0.0,1.5240023688723643,0.0,1.9378879284962143,0.0,0.10532544403331175,0.07521813287112138,0.1898096965190774,0.08357726907269734,0.08153608275195781,0.05086125114904084,0.06361491336471913,0.15452610312377324,0.037839402608535654,203.94407584808008,40.01977332033378,3.3989728724956527,2.796548560522497,11.444287452886828,0.050599397348015995,0.36351622408686096,1.3180147657791779,0.04886198852531365,0.9025260369526222,0.0,1.0826870414057828,0.005359056806002142,47.24311487128333,2.211276853879292,0.007713995376230992,0.9191772343039398,0.0,1.5240023688723643,0.0,1.9378879284962143,0.0,0.06193504070754679,0.10532544403331175,0.07521813286164948,0.1898096967292713,0.08357726907269734,0.08153608423708215,0.050861251689421884,1.0,0.06361491336471913,2.2376666666666667,0.08153808005727883,0.23808517594045409,0.09510817929476667,0.059181084224580516,0.009883792629604508,1.0,0.8690326014551212,0.2399359017938633,0.34612664602702364,0.15452610647037532,0.037839402605590884,0.4698746103684133,1.2039610112842298,1.2643761074286886,0.0,2.1,2.0331275368134025,0.009809188544750167,0.002139646854841771,0.00031868151078620356,5.537500743022973e-05,0.00031868151078620356,5.537500743022973e-05,0.0
full_home_replacement_0p003,62.97898462293741,39.82105604517007,3.832118458145208,3.0045376275987734,9.452741828165626,0.06266226064568674,0.47938113084672507,33.226631149556404,1.834135121592416,27.21560687352886,1.305372924502681,28.774002071673525,1.7817579346338128,41.550450339190355,2.7583387436415427,9.98586643672591,1.0005049077674408,14.90894793806566,1.217268391015837,28.066326782483987,2.115606056661432,0.11004730869132312,0.07300322342515345,0.279746275186286,0.0970258733663852,0.09972387308018765,0.09765435038074587,0.0631218641373257,0.577933470133973,0.16167164175899812,0.0,0.0402434569439654,0.4705301447028056,0.041846867429974836,0.006993006993006992,0.057108338169542666,0.037915326902465164,0.04312721429121208,0.08333333333333333,0.02097902097902098,0.09150589496248661,0.0099067599067599,0.08870471428882643,0.07994711674618216,0.06876680158678851,361.673558311774,100.75087251607339,3.4996064690252147,2.8870069856445,9.116490718811636e-08,6.24634131959695e-09,13.50801781577814,0.060113877598546576,0.38385833712853507,1.3351694991191227,0.039285224208843735,0.039285224208843735,1.100437511089088,0.005732187396700416,1.5795255967532285,0.055363111078294815,50.2620055340226,2.200556298096975,0.02594535693127258,0.02594535693127258,1.4204251838236814,0.0,1.6060268584017952,0.0,2.4078735474783266,0.0,0.10977378224802538,0.07453822508980995,0.1673822625575342,0.08100234556625346,0.07898856714910227,0.049435548040565346,0.09303607994634684,0.16377830072123278,0.040079625942183776,361.6737670770603,100.75087251607339,3.4995928082366796,2.887006570796173,13.50801853779489,0.060113877598546576,0.38385829808382094,1.335168485840162,0.03763671157890051,1.100436835569781,0.00501409882701765,1.579524974480738,0.05248487924363266,50.2620055340226,2.200542222460108,0.024111710328050092,1.4204251838236814,0.0,1.6060268584017952,0.0,2.4078735474783266,0.0,0.0889871817007158,0.10977378224802538,0.07453822505083038,0.16738226119333285,0.08100234678667391,0.07898856716764005,0.04943554859200753,1.0,0.09303607994634684,2.2376666666666667,0.07899122006899242,0.20872099527300403,0.08713669015394761,0.058348662712865235,0.005559218332319702,1.0,0.0,0.0,0.0,0.16377835624415144,0.04007962729291942,0.4672391764956269,0.9871483790410451,1.0616291168844327,0.0,2.1,2.3884925230215535,0.010220659275849616,0.0022598654108472007,0.0002681265274683522,4.502031233957763e-05,0.0002681265274683522,4.502031233957763e-05,0.0
full_home_replacement_0p01,62.86153511703094,39.90970443837704,3.830511226313916,3.006242221656502,9.415484895808287,0.062405059585604994,0.4791999501450914,33.268316975939236,1.8353465504045614,26.939314062239735,1.2977804705306726,28.76507250857529,1.780872785959447,41.453000437170665,2.7541799547834707,9.916818048013154,1.0001791440244479,14.845617604005078,1.218346477538245,28.030993316057902,2.113851371555104,0.1100821472713122,0.07295083925470006,0.279714022203787,0.09662394410593506,0.09970870568603933,0.09763639845326277,0.06311451746447451,0.5777387660841288,0.16111533828432664,0.0,0.039975504103665294,0.47033544065296135,0.041786139800280654,0.006993006993006992,0.057108338169542666,0.037915326902465164,0.04297284007699074,0.08333333333333333,0.016608391608391608,0.09150589496248661,0.009324009324009317,0.08870471428882643,0.07994711674618216,0.06836789698334224,366.96614951381434,100.3323234908749,3.4982532573242984,2.888914496482661,3.966728886103018e-08,2.867598353385703e-09,13.406996617202909,0.05983510684220281,0.3832273350085436,1.3363957405090332,0.03888329494839358,0.03888329494839358,1.0958973465070205,0.005537483346856183,1.5796111329109408,0.05493775936676947,49.79606717824888,2.19888798892498,0.02594535693127258,0.02594535693127258,1.4208880511432653,0.0,1.6055417169506352,0.0,2.4085047924321166,0.0,0.10978686276416584,0.07448457255326041,0.16733460880798431,0.08097341364974393,0.07896815828124176,0.04942749812645556,0.09201409492452711,0.16386229774884803,0.040072834172453574,366.96593856306094,100.3323234908749,3.498252635051808,2.888914081634334,13.406997291657854,0.05983510684220281,0.3832272659750536,1.3363947272300727,0.03696682947815024,1.0958966709877134,0.004819394777173417,1.5796105106384504,0.05264227811485791,49.79606717824888,2.198886951804158,0.024161680730196516,1.4208880511432653,0.0,1.6055417169506352,0.0,2.4085047924321166,0.0,0.08803858953211768,0.10978686276416584,0.07448457251507005,0.16733460780861664,0.0809734135776036,0.07896816043418155,0.04942749884343107,1.0,0.09201409492452711,2.2376666666666667,0.07897081628951831,0.2085464433401041,0.08713669015394761,0.05833383934996087,0.005420888251866043,1.0,0.0,0.0,0.0,0.16386230029356896,0.0400728347112562,0.46714596247623835,0.9824248405751687,1.0509691264208716,0.0,2.1,2.3878217879785626,0.010221631576617513,0.0022600591230483072,0.00026828143745659345,4.502519022053551e-05,0.00026828143745659345,4.502519022053551e-05,0.0
full_home_replacement_0p03,61.52412676761208,39.85983552734739,3.810505715017177,3.0116388714011078,9.272670437073346,0.06215360616884486,0.4776155783084492,32.67462426996568,1.836014490153701,26.950380195730432,1.2474241214986188,29.084491079111917,1.776608222717168,40.32813403609667,2.720235715974104,10.016661956207656,0.9982559964373762,14.342084596533626,1.219551225606498,28.931381903619265,2.10296623483845,0.11046737362317761,0.07291468846728288,0.27958451790109146,0.09374176827821228,0.09955265872421871,0.0975596854950511,0.06306366489875075,0.5762981618497828,0.15806223610177556,0.0,0.038367787061864646,0.4705009335899677,0.040946595971209525,0.006993006993006992,0.05626065940349587,0.03764737406216506,0.042829655655455795,0.08333333333333333,0.007284382284382283,0.0912379421221865,0.009324009324009317,0.08792589808944949,0.07877889244711674,0.06752108334757274,393.33280181116,149.87529131758495,3.478025150495038,2.89745241869241,5.254785224543627e-08,3.2788298810826556e-09,18.246900214926537,0.0595352342214198,0.380497378892606,1.3408496355017026,0.03781148358719314,0.03781148358719314,1.0999830845245622,0.004831915937935108,1.5834302964018814,0.05466980652646936,47.27197655787052,2.1803310761849084,0.025365842946417434,0.025365842946417434,1.42651413201141,0.0,1.5937893670828391,0.0,2.505867480181223,0.0,0.11000757618175627,0.07443387129620561,0.16711593333747674,0.0807390400565632,0.0787829095871869,0.04937717589847534,0.08941267178032553,0.16397097052028173,0.04007111032410316,393.3329415840494,149.87529131758495,3.478024528222548,2.897452003844083,18.246862848299813,0.05953523422141981,0.38049658982368356,1.3408489326636,0.03685325085207147,1.0999786837149566,0.0042478037884023994,1.583429674129391,0.051634175820581975,47.271934035917006,2.1803300390640867,0.02407170330870344,1.42651413201141,0.0,1.5937893670828391,0.0,2.505867480181223,0.0,0.08614478623242401,0.11000757618175627,0.07443387129602903,0.1671159328364732,0.0807390400565632,0.07878290956900595,0.04937717638786964,1.0,0.08941267178032553,2.2376666666666667,0.0787855605257786,0.20783200284236636,0.08692738722856296,0.058199076677987065,0.005017108835755183,1.0,0.0,0.0,0.0,0.163970972235306,0.040071110860250184,0.46661797680304806,0.9663719252326354,1.0243967844871804,0.0,2.1,2.387535400872827,0.010247118771076159,0.0022690630357755513,0.00027003263433773004,4.514737212429476e-05,0.00027003263433773004,4.514737212429476e-05,0.0
no_branch_regulation,62.98974062153388,39.810844352224834,3.8322639365743765,3.0043617855533284,9.455468572246279,0.06269468134595084,0.47939464966917084,33.2470780200454,1.8339876518697613,27.21958656412038,1.306096232115217,28.779518831066046,1.7818431634654013,41.56106439877221,2.758760582417852,9.986022662035255,1.0005170405024753,14.909288863250813,1.2172423965724406,28.064559628108736,2.1157550510022562,0.11004414620461271,0.07300946287054245,0.2797493666145931,0.09706620320200811,0.0997254975867893,0.09765501895421609,0.06312267066145542,0.577933470133973,0.16167164175899812,0.0,0.0402434569439654,0.4705301447028056,0.041846867429974836,0.006993006993006992,0.057108338169542666,0.037915326902465164,0.04312721429121208,0.08333333333333333,0.02127039627039627,0.09150589496248661,0.0099067599067599,0.08870471428882643,0.07994711674618216,0.0678289334583571,362.69088187168563,100.85775662446402,3.4997927335401378,2.886773012578488,3.964503636488814e-08,2.897713644650143e-09,13.53153753569373,0.06014360272429973,0.3839398836588721,1.3350459436575572,0.039285224208843735,0.039285224208843735,1.1008950678691083,0.005732187396700416,1.5795361972171424,0.05565146171266621,50.30883320917642,2.2007040679454803,0.02594535693127258,0.02594535693127258,1.4206184472034995,0.0,1.6061060596257448,0.0,2.4078565589510013,0.0,0.10977263099193463,0.07454483184269317,0.16738747032877968,0.08100527552018265,0.07899072019404622,0.04943638568338147,0.09303607994634684,0.16376860558901477,0.04008035802417669,362.69098975611155,100.85775662446402,3.499792111267647,2.886772597730161,13.531536814981715,0.06014360272429973,0.3839398463496814,1.3350449303785965,0.037616313784829235,1.1008943923498011,0.004819394777173417,1.5795349540629358,0.05264227811485791,50.30883320917642,2.2007030308246582,0.023878802074135532,1.4206184472034995,0.0,1.6061060596257448,0.0,2.4078565589510013,0.0,0.0881138198913604,0.10977263099193463,0.07454483181690767,0.16738746948249705,0.08100528043897354,0.07899072162329614,0.049436386337994354,1.0,0.09303607994634684,2.2376666666666667,0.07899337402803082,0.20874004661836995,0.08713669015394761,0.05835026864233669,0.005574677679014549,1.0,0.0,0.0,0.0,0.16376860895230613,0.040080358582955826,0.46738236091716184,0.9171785992813294,0.9748430990536386,0.0,2.1,2.38873232373429,0.010220771034558566,0.0022598708379572004,0.000268101692199698,4.5016496444258685e-05,0.000268101692199698,4.5016496444258685e-05,0.0
null_cost_0,62.98974062153388,39.810844352224834,3.8322639365743765,3.0043617855533284,9.455468572246279,0.06269468134595084,0.47939464966917084,33.2470780200454,1.8339876518697613,27.21958656412038,1.306096232115217,28.779518831066046,1.7818431634654013,41.56106439877221,2.758760582417852,9.986022662035255,1.0005170405024753,14.909288863250813,1.2172423965724406,28.064559628108736,2.1157550510022562,0.11004414620461271,0.07300946287054245,0.27974936661459315,0.09706620320200811,0.0997254975867893,0.09765501895421609,0.06312267066145542,0.577933470133973,0.16167164175899812,0.0,0.0402434569439654,0.4705301447028056,0.041846867429974836,0.006993006993006992,0.057108338169542666,0.037915326902465164,0.04312721429121208,0.08333333333333333,0.02127039627039627,0.09150589496248661,0.0099067599067599,0.08870471428882643,0.07994711674618216,0.0678289334583571,362.69088187168563,100.85775662446402,3.4997927335401378,2.886773012578488,3.964503636488814e-08,2.897713644650143e-09,13.53153753569373,0.06014360272429973,0.3839398836588721,1.3350459436575572,0.039285224208843735,0.039285224208843735,1.1008950678691083,0.005732187396700416,1.5795361972171424,0.05565146171266621,50.30883320917642,2.2007040679454803,0.02594535693127258,0.02594535693127258,1.4206184472034995,0.0,1.6061060596257448,0.0,2.4078565589510013,0.0,0.10977263099193463,0.07454483184269317,0.16738747032877968,0.08100527552018265,0.07899072019404622,0.04943638568338147,0.09303607994634684,0.16376860558901477,0.04008035802417669,362.69098975611155,100.85775662446402,3.499792111267647,2.886772597730161,13.531536814981715,0.06014360272429973,0.3839398463496813,1.3350449303785965,0.037616313784829235,1.1008943923498011,0.004819394777173417,1.5795349540629358,0.05264227811485791,50.30883320917642,2.2007030308246582,0.023878802074135532,1.4206184472034995,0.0,1.6061060596257448,0.0,2.4078565589510013,0.0,0.0881138198913604,0.10977263099193463,0.07454483181690767,0.16738746948249705,0.08100528043897354,0.07899072162329614,0.049436386337994354,1.0,0.09303607994634684,2.2376666666666667,0.07899337402803082,0.20874004661836995,0.08713669015394761,0.05835026864233669,0.005574677679014549,1.0,0.0,0.0,0.0,0.16376860895230613,0.040080358582955826,0.46738236091716184,0.9121212388356824,0.9675731353733378,0.0,2.1,2.38873232373429,0.010220771034558566,0.0022598708379572004,0.000268101692199698,4.5016496444258685e-05,0.000268101692199698,4.5016496444258685e-05,0.0
null_cost_12,58.00575790805515,35.25939283772611,3.7426525758620683,2.8175265491595227,7.765259734718161,0.054116131338105104,0.4511948471882941,30.63493649292289,1.7977722481046525,15.581148903355418,1.009015407299078,17.94744909684402,1.2691398150459874,41.44460380273488,2.746957212049272,7.344681359939386,0.7693098562017786,13.552039058196724,1.222549654594225,22.09819999251205,1.6923778787470143,0.10276694048541457,0.07293230192581086,0.2968511196948905,0.06529402282929622,0.10109576039895167,0.09926639883425337,0.06384214892280742,0.6621016998127526,0.227485580699751,0.0,0.053827924209214596,0.5262571224770553,0.09529105495891345,0.0,0.006698821007502675,0.03831725616291532,0.02593215593108737,0.04283216783216783,0.006410256410256408,0.08896034297963558,0.07896270396270397,0.08490730453347274,0.07517482517482517,0.050144854619650576,306.26572026903887,91.28252597292885,3.413032740354538,2.749449252150953,2.776960524493906e-08,2.0857270757017365e-09,16.063146803193984,0.05202384279580041,0.35764913966188155,1.3090427964925766,0.05233378579349273,0.05233378579349273,0.9060427983058617,0.004672897196261675,1.1208346392474293,0.0057609860664523,47.24197400112908,2.222255493203799,0.0097493268944121,0.0097493268944121,1.0252240038729117,0.0,1.576252708521982,0.0,2.0084538147055278,0.0,0.10420242018862756,0.07512660034586278,0.19117378589794445,0.08330676700102184,0.08127494982310846,0.0507016188536136,0.07251699595061879,0.1556894457628757,0.03802480046733416,306.2660289248576,91.28252597292885,3.413032118082047,2.749449044726789,16.06314729825348,0.05202384279580041,0.35764932830029683,1.309042093654474,0.0506852731635495,0.9060424605462081,0.004088785046728966,1.1208344318232657,0.005493033226152192,47.24197400112908,2.2222548709313084,0.009133599180143717,1.0252240038729117,0.0,1.576252708521982,0.0,2.0084538147055278,0.0,0.06940069061657439,0.10420242018862756,0.0751266003414946,0.1911737859324366,0.08330676700102184,0.08127494982310846,0.05070161942143242,1.0,0.07251699595061879,2.2376666666666667,0.08127783805751183,0.24427719852611765,0.09553275631928189,0.05900638023252568,0.012233234502042445,1.0,0.8709024798777402,0.21675311015077658,0.3164514729823438,0.15568944747233687,0.038024800482794434,0.4674755749365503,1.2001508356803172,1.2620503417565487,0.0,2.1,2.059726008248559,0.009765833616256667,0.0021228869666882052,0.0003148500497142204,5.293897550931945e-05,0.0003148500497142204,5.293897550931945e-05,0.0
null_cost_18,58.25461752984314,35.326884317646766,3.7171867503783447,2.8081759248716565,7.90867157947793,0.05411458586155915,0.45416000958596237,30.929787058903198,1.8074069417743637,15.766458304605637,1.0178475974703005,17.700606396775846,1.2619708170830266,42.04867085941422,2.7396826123081124,7.1603802776501135,0.8248671679968163,13.686220985695433,1.2316284757523792,22.90368887116466,1.6566658816548803,0.10189676883691144,0.07289410672593238,0.30030232963798303,0.06655423062266702,0.10138642949403752,0.0994631821214718,0.0639125700682673,0.6626330696821365,0.237304819482121,0.0,0.054558999692178735,0.5269224687665893,0.11274743596909763,0.0,0.006698821007502675,0.03831725616291532,0.02593215593108737,0.04195804195804196,0.002331002331002325,0.08882636655948552,0.07837995337995336,0.08490730453347274,0.07488344988344989,0.0516668348976147,307.3489693482164,91.78355653754504,3.3913301303982735,2.724284346525868,2.843022339771295e-08,2.1101115393292956e-09,16.78235115308876,0.05206706193266955,0.35790500553207144,1.303023969133695,0.05319883769660692,0.05319883769660692,0.9072577960675213,0.0058411214953271,1.133969704824267,0.0057609860664523,47.42489273970287,2.2480469197034836,0.0097493268944121,0.0097493268944121,1.061734134661189,0.0,1.6147441929206252,0.0,1.9457089809122863,0.0,0.10371593135714337,0.07506008469730974,0.19701523627171982,0.0836952269011081,0.08161920100396917,0.05084338915001263,0.07455027215279841,0.1544806362845185,0.03817198522178617,307.3489693482164,91.78355653754504,3.3913295081257826,2.7242841391017047,16.782364977193115,0.05206706193266955,0.3579051941122526,1.3030232662955925,0.051818277906963785,0.9072574583078677,0.00506230529595015,1.1339694974001036,0.005493033226152192,47.42489273970287,2.248046297430993,0.009133599180143717,1.061734134661189,0.0,1.6147441929206252,0.0,1.9457089809122863,0.0,0.07150721560920986,0.10371593135714337,0.07506008468863853,0.19701523643815688,0.0836952269011081,0.0816192023520638,0.05084338991835871,1.0,0.07455027215279841,2.2376666666666667,0.08162759442509289,0.25823269221332784,0.09637594775635354,0.05922964720325729,0.013693630191040413,1.0,0.8708102663234759,0.19855900529037637,0.2932322546536528,0.15448063964780986,0.03817198525246902,0.4674755749365503,1.2101269884284882,1.2815231796897326,0.0,2.1,2.112929979482235,0.010190511122345874,0.002161776551800493,0.0002813876296082891,4.758882643307637e-05,0.0002813876296082891,4.758882643307637e-05,0.0
null_cost_3,58.47016045150349,37.74764042550553,3.8069934273180817,2.9882258814856457,8.277200296306752,0.06176984937704481,0.45987296132690886,32.39268116778104,1.8486422877699387,18.872195790299944,1.093196765472795,25.949678862250593,1.640176857504497,41.89096472079479,2.7343328109633642,8.483050025297509,0.8936615746071833,14.106612899436769,1.1855326944180422,26.23471203789367,1.9814625359419058,0.10771760174175665,0.07325021984398615,0.28339226550198365,0.07749406058240621,0.10037368791460843,0.09852315616198071,0.06343399073412445,0.6095187182347475,0.17306038320519265,0.0,0.044507523077322454,0.4915362772101151,0.034343286799545354,0.007284382284382283,0.025082802984203744,0.03818327974276527,0.04182548685351295,0.08333333333333333,0.06643356643356643,0.09016613076098606,0.012820512820512817,0.0869523778402283,0.07663578633204801,0.05417488540640324,307.59582091377524,96.5111418918241,3.4858042684694133,2.85986029698203,3.5678943207292e-08,2.589784231530763e-09,15.070762060019817,0.059574965992112705,0.3710161233011919,1.3386579230427742,0.04272503402722919,0.04272503402722919,1.0030654877179284,0.004325259515570934,1.4438066057778087,0.02385359275177808,49.138613976537805,2.2303381313880286,0.02479800370779479,0.02479800370779479,1.2380809276919535,0.0,1.5442515723407269,0.0,2.3135297373263106,0.0,0.10685941055835084,0.07532819235625499,0.17203868868840524,0.08154999969062283,0.07975060834116465,0.0498516109632356,0.06798998253268007,0.16246108315379865,0.03911044895010053,307.5957144201303,96.5111418918241,3.485803646196923,2.8598596747095377,15.070806152378418,0.059574965992112705,0.3710161579087507,1.3386572202046718,0.04092214718306464,1.003065460399133,0.0037485582468281416,1.4438059835053159,0.0224261880599846,49.138613976537805,2.2303370942672065,0.023311174776404427,1.2380809276919535,0.0,1.5442515723407269,0.0,2.3135297373263106,0.0,0.06472066455119645,0.10685941055835084,0.0753281923483717,0.17203868817333656,0.08154999969062283,0.07975060832089975,0.049851611724595936,1.0,0.06798998253268007,2.2376666666666667,0.0797534903467311,0.21709428405778905,0.08943902290954135,0.05842703333618368,0.006103875888142967,1.0,0.8714176001308997,0.3755655017155728,0.42059246327686034,0.16246108486325983,0.039110449369719004,0.4674755749365503,1.2073423783500685,1.270208451023791,0.0,2.1,2.1773893015210906,0.010129555438955558,0.0022038420476171616,0.0002942594389120598,4.950608174569863e-05,0.0002942594389120598,4.950608174569863e-05,0.0
null_cost_7,58.18048857293092,36.191533748062874,3.7837388839362007,2.902854775409935,7.7373835071298664,0.055479763449055274,0.4508353170834909,30.763711062052533,1.8166768724744404,16.551480672778887,1.0695602810019693,18.993943100329343,1.3331675346155678,41.877165397832734,2.7592705200473326,7.297097134548136,0.7969501037989722,13.156966028908833,1.2053995053128392,22.91909599054266,1.7908845254532462,0.10578745890072645,0.07304538378841019,0.29414034486519397,0.06943501383281674,0.10066757594270777,0.09889463926198401,0.06368188574596582,0.6537847209117242,0.19148744624644679,0.0,0.05096481565957193,0.5167593981161999,0.04971460657922736,0.006410256410256408,0.006698821007502675,0.03818327974276527,0.0328888670400476,0.04749417249417249,0.012820512820512817,0.0894962486602358,0.08304195804195803,0.085977496024225,0.07546620046620046,0.049874014416706164,301.20408822161454,90.23156070422071,3.4596584737300873,2.8218811393405,2.965807912221526e-08,2.0322705258541606e-09,15.91981818459359,0.05337509887741032,0.36339676559729783,1.3243403906623523,0.04960465366400011,0.04960465366400011,0.9621808567317203,0.0,1.1782755676298013,0.0057609860664523,47.86810604855379,2.234009404977163,0.01583796144325425,0.01583796144325425,1.000101907872401,0.0,1.5436875983141363,0.0,2.1066782223802725,0.0,0.10580660066622229,0.07528957485075581,0.18590241710486508,0.08248387451994162,0.08051231917019554,0.050359303548423225,0.06832009482999273,0.15722486396320945,0.03831156665299081,301.20435768427507,90.23156070422071,3.459657644033431,2.821880724492171,15.919818148159,0.05337509887741033,0.3633968173119331,1.3243396878242497,0.0479561410340569,0.9621808567317203,0.0,1.178275360205638,0.00562700964630225,47.86810604855379,2.2340083678563407,0.014351132511863892,1.000101907872401,0.0,1.5436875983141363,0.0,2.1066782223802725,0.0,0.06533912748288047,0.10580660066622229,0.0752895748506688,0.18590241727985224,0.08248387451994162,0.08051232055385073,0.05035930408875459,1.0,0.06832009482999273,2.2376666666666667,0.08051408756698245,0.2331970909442067,0.09300319082785864,0.05868151922169556,0.009099353378081331,1.0,0.8711080135517579,0.25780267084897046,0.37085737444139655,0.15722486732650084,0.03831156676285089,0.4674755749365503,1.203476235858571,1.262453321639138,0.0,2.1,2.0540390565504127,0.009904510031143766,0.0021382363352383557,0.00028519735982019155,4.706278886954468e-05,0.00028519735982019155,4.706278886954468e-05,0.0
null_cost_8p5,58.079402119428835,35.686991748915325,3.7686626928906133,2.8689563032998358,7.679082960087982,0.05417101419990347,0.4490793941514661,30.581772591439897,1.8036066997919942,15.928884478481562,1.0383079877904207,18.006045953203028,1.292672058237364,41.62563815802196,2.7545683013702984,6.94008031258156,0.7770292192318933,13.293550584960085,1.2125551163014314,22.457186999960346,1.7591841526843846,0.10489365567917042,0.07298680911294965,0.29519526333437845,0.0675709336064383,0.1007849587310491,0.09901632287908817,0.0637474823857168,0.6624711426835085,0.20767720558397176,0.0,0.052540545251578974,0.5259692044078226,0.06721516732546318,0.0052447552447552415,0.006698821007502675,0.03818327974276527,0.02651490651383794,0.04516317016317017,0.010198135198135191,0.08936227224008575,0.08275058275058275,0.08558808792453652,0.07517482517482517,0.04882484819822905,295.8372615466942,89.37150436395315,3.422396257519722,2.7958218147978187,2.9795169775859165e-08,2.0472822264534695e-09,15.353864192836758,0.052171336523266165,0.3598381022610231,1.3149728377660115,0.051046406835857074,0.051046406835857074,0.9307561113018892,0.00292056074766355,1.1295004915155005,0.0057609860664523,46.75403159732583,2.2288660208384194,0.010040702185787382,0.010040702185787382,0.9699624127582259,0.0,1.5520881958461057,0.0,2.061237876328429,0.0,0.10517302237997676,0.07521266175229978,0.18759653217362715,0.08278584758695244,0.08077107445428637,0.0504937713134484,0.06976865583576032,0.15668499324075472,0.03816391166301665,295.8372615466942,89.37150436395315,3.422395635247232,2.7958216073736555,15.353860346203753,0.052171336523266165,0.35983809685160395,1.314972134927909,0.04955226842013521,0.9307557735422356,0.002336448598130833,1.129500284091337,0.005493033226152192,46.75403159732583,2.228865191141763,0.009424974471519,0.9699624127582259,0.0,1.5520881958461057,0.0,2.061237876328429,0.0,0.06680672471593724,0.10517302237997676,0.07521266175221293,0.18759653244617636,0.08278584758695244,0.08077107541792024,0.05049377182861811,1.0,0.06976865583576032,2.2376666666666667,0.08077301528537342,0.23570746078745916,0.09426498635884373,0.05878420453991214,0.010251645839400497,1.0,0.8710241446942811,0.23944550234317097,0.3471796823237923,0.15668499660404608,0.03816391167707542,0.4674755749365503,1.2073753829093528,1.2677937222179025,0.0,2.1,2.0638323542369563,0.009883531679709701,0.0021374475468143913,0.00031800288707015627,5.529811898058171e-05,0.00031800288707015627,5.529811898058171e-05,0.0
null_rate_0p6,58.459134123517735,35.923863179969196,3.7776615787370544,2.8819626899137134,7.733971463316468,0.053957216611125215,0.44783854576694515,30.835627008984076,1.8098482847968027,16.276412465823785,1.047299234503877,18.118689745700152,1.2846638202832528,41.873377296921255,2.7733650150778413,7.696050003209294,0.7867531911836535,13.206443044267601,1.2021642483608452,23.03549011945689,1.782640545504468,0.10483710777624759,0.07350155192791084,0.297345987108056,0.06997394417042085,0.10081409773355544,0.09897295083827118,0.06372750012282835,0.6578145749640757,0.1944355673489234,0.0,0.0527473047096652,0.5206321116009921,0.05144211813877365,0.007284382284382283,0.005894962486602358,0.03818327974276527,0.03260959037668789,0.03875291375291375,0.0,0.08829046087888531,0.08304195804195803,0.08734042437313465,0.07692580005664118,0.05099569533706085,297.45668050888224,91.60754901434615,3.5296867912014327,2.8064976197977862,3.701051078571401e-08,2.371591428361549e-09,16.532617541296663,0.05184451651650787,0.3601904614868036,1.3298696527878444,0.051923048394693604,0.051923048394693604,0.9374940791531117,0.0,1.1496408175541244,0.005894962486602358,48.656749228635995,2.237655222415924,0.015850060071269833,0.015850060071269833,1.0915222243662963,0.0,1.537877581237505,0.0,2.1522178279838045,0.0,0.10541074555912618,0.07566332965604514,0.18983151166170764,0.08276953357967878,0.0807766928766771,0.05046367546605706,0.07193796714633742,0.15839753792916936,0.03822794912726239,297.45668050888224,91.60754901434615,3.5296859615047764,2.8064972049494568,16.532617591600843,0.05184451651650787,0.3601904520022978,1.3298673977454507,0.05029493355882167,0.9374940791531117,0.0,1.1496406101299608,0.005493033226152192,48.656749228635995,2.237654185295102,0.014363231139879475,1.0915222243662963,0.0,1.537877581237505,0.0,2.1522178279838045,0.0,0.06870944475299637,0.10541074555912618,0.07566332964940126,0.18983151187290712,0.08276953271087761,0.08077669634380358,0.05046367604459914,1.0,0.07193796714633742,2.2376666666666667,0.0807787191249607,0.23917915488135963,0.09342179920266562,0.05884467475551977,0.010704223926873459,1.0,0.8710183666672316,0.27256553698798364,0.16353932219279016,0.15839753963863054,0.038227949237929416,0.4674755749365503,1.2138027291788238,1.2732118765901153,0.0,2.1,2.0447498536258046,0.009887896478176067,0.002130227031435616,0.0002847850943604949,4.721912520001159e-05,0.0002847850943604949,4.721912520001159e-05,0.0
null_rate_1,58.16773447657092,35.68204540114448,3.764508160589228,2.8765040146814864,7.692598418369097,0.05410861854016696,0.4487101677091838,30.62723750731791,1.8039838603660279,16.057267528810723,1.0482638691955428,18.055026622200383,1.2804056495989673,41.672787712552626,2.7564368612681265,7.1050657108626964,0.782565202641926,13.317133186343215,1.210342281244117,22.64717980526454,1.7594951706279398,0.10486205190105473,0.07324107523229005,0.29590338966038804,0.06897189119015272,0.10076967791482329,0.09897974068431627,0.06372880939276791,0.662835257841821,0.19337325249148077,0.0,0.05236577324328633,0.52610293020812,0.052509284972522,0.0052447552447552415,0.006028938906752408,0.03818327974276527,0.027668309051323517,0.04312354312354313,0.007284382284382283,0.08842443729903537,0.08275058275058275,0.08675631222360193,0.07546620046620046,0.04794450878101534,300.09386862654236,90.31630402508512,3.438442014157772,2.7960641914978623,2.98460324047826e-08,1.974640234525242e-09,16.461753483272513,0.051983925249518614,0.3594579696806479,1.3100781167546909,0.05127356408801462,0.05127356408801462,0.9347868678257024,0.0011682242990654166,1.120287416294256,0.005894962486602358,47.06569792081874,2.2364606459935508,0.010617403454530166,0.010617403454530166,0.9980855622112964,0.0,1.549925470802312,0.0,2.0644312012905175,0.0,0.10528924069706584,0.07541352549527247,0.18831714910443434,0.08279963493356869,0.08078947155454119,0.05048243933529023,0.06837745305946978,0.15715033149766153,0.038150318751131014,300.0941424353744,90.31630402508512,3.438441391885281,2.796063984073699,16.461709349663366,0.051983925249518614,0.35945802408745636,1.3100771034757301,0.050047378512592854,0.9347865300660488,0.00019470404984423334,1.1202872088700924,0.00562700964630225,47.06569792081874,2.2364598162968945,0.009424974471519,0.9980855622112964,0.0,1.549925470802312,0.0,2.0644312012905175,0.0,0.06529406668025833,0.10528924069706584,0.07541352549515655,0.18831714941893576,0.08279963407665987,0.08078947105648897,0.050482439772915326,1.0,0.06837745305946978,2.2376666666666667,0.08079145792988211,0.23700851564533454,0.09384638050807437,0.05881942639479424,0.01044537398909922,1.0,0.8710218971971866,0.2563213847680049,0.2563213847680049,0.15715033486095292,0.03815031876710558,0.4674755749365503,1.21060391017242,1.2869004902313463,0.0,2.1,2.0521209205319018,0.009883932769298508,0.0021334078813255437,0.0002814279869198725,4.6747906763491304e-05,0.0002814279869198725,4.6747906763491304e-05,0.0
null_rate_1p6,58.079402119428835,35.686991748915325,3.7686626928906133,2.8689563032998358,7.679082960087982,0.05417101419990347,0.4490793941514661,30.581772591439897,1.8036066997919942,15.928884478481562,1.0383079877904207,18.006045953203028,1.292672058237364,41.62563815802196,2.7545683013702984,6.94008031258156,0.7770292192318933,13.293550584960082,1.2125551163014314,22.457186999960346,1.7591841526843846,0.10489365567917042,0.07298680911294965,0.29519526333437845,0.0675709336064383,0.1007849587310491,0.09901632287908817,0.0637474823857168,0.6624711426835085,0.20767720558397176,0.0,0.052540545251578974,0.5259692044078226,0.06721516732546318,0.0052447552447552415,0.006698821007502675,0.03818327974276527,0.02651490651383794,0.04516317016317017,0.010198135198135191,0.08936227224008575,0.08275058275058275,0.08558808792453652,0.07517482517482517,0.04882484819822905,295.8372615466942,89.37150436395315,3.422396257519722,2.7958218147978187,2.9795169775859165e-08,2.0472822264534695e-09,15.353864192836758,0.052171336523266165,0.3598381022610231,1.3149728377660115,0.051046406835857074,0.051046406835857074,0.9307561113018892,0.00292056074766355,1.1295004915155005,0.0057609860664523,46.75403159732583,2.2288660208384194,0.010040702185787382,0.010040702185787382,0.9699624127582259,0.0,1.5520881958461057,0.0,2.061237876328429,0.0,0.10517302237997676,0.07521266175229978,0.18759653217362715,0.08278584758695244,0.08077107445428637,0.0504937713134484,0.06976865583576032,0.1566849932407547,0.03816391166301665,295.8372615466942,89.37150436395315,3.422395635247232,2.7958216073736555,15.353860346203753,0.052171336523266165,0.35983809685160395,1.314972134927909,0.04955226842013521,0.9307557735422356,0.002336448598130833,1.129500284091337,0.005493033226152192,46.75403159732583,2.228865191141763,0.009424974471519,0.9699624127582259,0.0,1.5520881958461057,0.0,2.061237876328429,0.0,0.06680672471593724,0.10517302237997676,0.07521266175221293,0.18759653244617636,0.08278584758695244,0.08077107541792024,0.05049377182861811,1.0,0.06976865583576032,2.2376666666666667,0.08077301528537342,0.23570746078745916,0.09426498635884373,0.05878420453991214,0.010251645839400497,1.0,0.8710241446942811,0.23944550234317097,0.3471796823237923,0.15668499660404608,0.03816391167707542,0.4674755749365503,1.2133267011008546,1.2793247874166507,0.0,2.1,2.063832354236956,0.009883531679709701,0.0021374475468143917,0.00031800288707015627,5.529811898058171e-05,0.00031800288707015627,5.529811898058171e-05,0.0
null_rate_2p4,58.093101405241605,35.56152163542598,3.7712361405289467,2.85893973018519,7.659857856688404,0.05495669889076262,0.45018706783117945,30.48673271054274,1.8031867655830203,15.590573700384093,1.0326468258396486,17.69964104743785,1.2875461698220705,41.61449636033503,2.753949865838536,6.9329872651630735,0.7747969059240921,13.295621434428602,1.2141100343570146,22.446622450669974,1.756333658454819,0.1044857262716825,0.07280860580263304,0.29481442070145053,0.06595440842628869,0.1008108721702793,0.09904222519787874,0.063769005856607,0.6614086535645932,0.22310175097535115,0.0,0.0529832701001717,0.5254783062776783,0.0833503904057354,0.0052447552447552415,0.007100750267952833,0.03831725616291532,0.02651490651383794,0.04603729603729603,0.012820512820512817,0.08963022508038586,0.08275058275058275,0.08461456767531533,0.07517482517482517,0.04934823271806759,304.62949321948446,89.79731137515046,3.4126521398623786,2.79421243040512,3.013412151290732e-08,2.0627177211827598e-09,15.854358482763187,0.05311201369433791,0.35954888524724593,1.3144183903932571,0.051066804629928374,0.051066804629928374,0.9223551043457215,0.0035046728971962586,1.1235831595210282,0.006430868167202567,47.09616536274515,2.2267519185940423,0.010040702185787382,0.010040702185787382,0.9640003851624593,0.0,1.5534793783444911,0.0,2.0617842160201385,0.0,0.10465754298847658,0.0750827593139019,0.1873630678469703,0.08279536332093682,0.08077868444935053,0.05051396769427122,0.0710430478801146,0.15613800692292315,0.03817039675686232,304.62978286080016,89.79731137515046,3.412651517589888,2.7942122229809567,15.854358550979484,0.05311201369433791,0.35954887969283184,1.3144176875551545,0.050798851789628265,0.922354766586068,0.0031152647975077833,1.1235829520968645,0.005493033226152192,47.09616536274515,2.226751088897386,0.009518188490907518,0.9640003851624593,0.0,1.5534793783444911,0.0,2.0617842160201385,0.0,0.06892533830419577,0.10465754298847658,0.07508275930800355,0.1873630679869797,0.08279536580275222,0.08077868417414383,0.05051396817600818,1.0,0.0710430478801146,2.2376666666666667,0.08078064362235364,0.2349707059417029,0.0944742892842284,0.058767572632071115,0.01024206530963207,1.0,0.8710246780448827,0.22539359572761755,0.39237853549368057,0.15613800946208095,0.038170396780187174,0.4674755749365503,1.2117529733640058,1.2929272876741986,0.0,2.1,2.0756702597532737,0.009812843054532951,0.002132758266635339,0.0003267697369058666,5.4209235926858117e-05,0.0003267697369058666,5.4209235926858117e-05,0.0
null_rate_3p2,58.14688609411625,35.56764908979801,3.771094253965419,2.8547140232809576,7.652992449886475,0.0553470014709709,0.4504831036980806,30.58604343205077,1.809321554531575,15.552717835677504,1.0319089210110364,17.65100320657106,1.281633376698031,41.607164390266625,2.7539972693085892,6.9036629738446,0.7792988050412419,13.314026046912657,1.2149219050748605,22.509034317094635,1.7496220783320533,0.10444005378033357,0.07269322028272528,0.2946698809331186,0.06351362693116748,0.1008360780927423,0.09907027013176344,0.06378525315254928,0.6601797016358336,0.22839495470765184,0.0,0.053251222940471805,0.5252836022278341,0.08866399193210737,0.0052447552447552415,0.007234726688102891,0.03831725616291532,0.02651490651383794,0.04632867132867133,0.014277389277389274,0.08976420150053589,0.08275058275058275,0.08344634337624991,0.07517482517482517,0.050809452178956487,293.64079493158596,89.27616744282814,3.40394489467144,2.794368237567445,3.167311344679883e-08,2.02842693345897e-09,16.628500668675724,0.05348962958617302,0.3599274097749286,1.3141582409540813,0.05189106094489998,0.05189106094489998,0.9221966397490178,0.004088785046728966,1.1169004862191894,0.006564844587352617,46.959474372366685,2.2260149319966636,0.010040702185787382,0.010040702185787382,0.9591198161918632,0.0,1.5541545775098105,0.0,2.0634151002241197,0.0,0.10466751594780961,0.07499455185207596,0.18737939856582675,0.0828251942121795,0.08080643256012467,0.050529077060758244,0.07258539276476897,0.15580639272466942,0.03820154588776497,293.64049846057134,89.27616744282814,3.40394427239895,2.7943680301432816,16.628500695021092,0.05348962958617302,0.3599272678232936,1.3141575381159787,0.05079885178962828,0.9221963019893642,0.003699376947040492,1.1169000713708623,0.0060289389067524,46.959474372366685,2.2260141023000073,0.009518188490907518,0.9591198161918632,0.0,1.5541545775098105,0.0,2.0634151002241197,0.0,0.07004535613432869,0.10466751594780961,0.07499455185204557,0.187379398788745,0.0828251942121795,0.08080643256012467,0.050529077615690844,1.0,0.07258539276476897,2.2376666666666667,0.08080839620698228,0.23469556948429762,0.09447429078307969,0.058769959941657256,0.010391462984187898,1.0,0.871022535721741,0.2186134080059643,0.4021358412571561,0.15580639526382725,0.038201545914874985,0.4674755749365503,1.208335247589979,1.2610090804325107,0.0,2.1,2.0838376956802436,0.009798463433980891,0.002131090630619235,0.0003006281331181308,5.01630281697181e-05,0.0003006281331181308,5.01630281697181e-05,0.0
orientation_budget_0,60.37049333817284,37.06335832910643,3.7648018822333427,2.922368845977777,7.919125423080108,0.05918009532652598,0.47634730096218303,31.373514472938428,1.8509715105694389,16.827727071598535,1.1460471910794237,19.582353018311935,1.3618739676132208,43.91222048178529,2.7507041765039273,6.332283267383261,0.694504253802476,13.301338817228759,1.2125547359576068,22.45717846174512,1.7394909800152296,0.1048906176272319,0.07356942217168684,0.21100013665692188,0.10982035085585556,0.12347696767071865,0.12213386516673662,0.08026207254869373,0.6624711426835085,0.20767720558397176,0.0,0.052540545251578974,0.5521929806315988,0.11441796452826038,0.02127039627039627,0.08070814501682669,0.05595717251665804,0.040209545208476645,0.08333333333333333,0.03583916083916083,0.08936227224008575,0.08275058275058275,0.08529671263316123,0.07459207459207459,0.09661342064078073,297.7155866877486,89.50618447367259,3.389254833261172,2.8083979229753218,3.8136641400399185e-08,3.392787809436769e-09,15.496339571926518,0.057138897417583046,0.3768590968343408,1.3741478323936462,0.051046406835857074,0.051046406835857074,0.9791335758867111,0.02389958172668453,1.1819569444924127,0.06257916788463412,47.37740770603179,2.2288629164298377,0.02344396558905079,0.02344396558905079,0.9183846341329627,0.0,1.5521190944127738,0.0,2.0280974597142176,0.0,0.10517315231220885,0.0758788214057617,0.10215733405732226,0.10708032584513684,0.10541843079055596,0.06888955162198324,0.12658683765394216,0.1555323311430346,0.03806312742338936,297.7155866877486,89.50618447367259,3.389254210988682,2.8083975081269945,15.496335725964387,0.057138897417583046,0.3768589671515898,1.3741471295555439,0.04955226842013521,0.979132900367404,0.02244134370302593,1.181955287880653,0.06056296329608226,47.37740770603179,2.2288620867331814,0.022245487292031824,0.9183846341329627,0.0,1.5521190944127738,0.0,2.0280974597142176,0.0,0.12187665478586733,0.10517315231220885,0.07587882140567485,0.10215733605759947,0.1070803254965208,0.10541843175418975,0.06888955197967488,1.0,0.12658683765394216,2.2376666666666667,0.10606708035879926,0.16142811854038633,0.1455012408045763,0.06539011889958087,0.16142811854038633,1.0,0.8710240941119722,0.2505122202150116,0.34717988717854453,0.155532334506326,0.03806312805767897,0.4674755749365503,1.1620239289167105,1.2245408875363257,0.0,2.1,3.001099206677663,0.015903089195489835,0.0033247999896186767,0.005706908181309682,0.0011061111425957274,0.005706908181309682,0.0011061112024534022,0.0
orientation_budget_0p15,58.48381071154231,36.18797819889536,3.777111780656307,2.8713459252614313,8.053203582593197,0.05201988426680116,0.44913177238899277,30.47123373640547,1.796070066739615,18.950843124425205,1.0846242842074971,21.12014699423261,1.3161012062020578,41.71507209828391,2.76302100354077,8.392852755511534,0.7760010995726679,13.380752015732453,1.2171451690705168,23.07843299655112,1.7505807479919622,0.10433076918001695,0.07302537711647941,0.3014299284971136,0.06785625958380581,0.10071586236006852,0.09894339931279876,0.06370956808212151,0.6624711426835085,0.20734953440854975,0.0,0.05282889588595036,0.5259692044078226,0.06923362176606294,0.0034965034965034913,0.006698821007502675,0.03818327974276527,0.030855289314428352,0.051864801864801864,0.010780885780885775,0.08936227224008575,0.07721445221445221,0.08558808792453652,0.07546620046620046,0.04926454838981791,298.21543239449966,91.57560962194113,3.4500754748781524,2.805420975200832,2.896547311263357e-08,2.0235620544503105e-09,17.16652410959031,0.05006201312776975,0.36174110280203003,1.3123204310735066,0.051334757470228476,0.051334757470228476,0.9569104255812514,0.00292056074766355,1.1707931262208149,0.0057609860664523,48.01927522445681,2.2347004463275275,0.012638882552133834,0.012638882552133834,1.1665775721970324,0.0,1.559951197123155,0.0,2.123983762118087,0.0,0.10496803921899293,0.07522903720675762,0.19538634053151593,0.08259316621601004,0.0805992393246291,0.050426500228252936,0.07034838176150701,0.1568142429162843,0.037910579331142204,298.21543239449966,91.57560962194113,3.450074645181496,2.8054207677766687,17.166528999634156,0.05006201312776975,0.3617411542414804,1.3123197282354042,0.05010857189480672,0.9569100878215978,0.002336448598130833,1.1707929187966515,0.005493033226152192,48.01927522445681,2.2346996166308712,0.010863702986372084,1.1665775721970324,0.0,1.559951197123155,0.0,2.123983762118087,0.0,0.06707165289923346,0.10496803921899293,0.07522903720238187,0.19538634063484114,0.0825931686856368,0.0805992393246291,0.0504265006991291,1.0,0.07034838176150701,2.2376666666666667,0.08060555993751413,0.24972410942604203,0.0944742892842284,0.05873877874201949,0.007790881763658563,1.0,0.8710240800849612,0.23538536808075539,0.34258442753970103,0.15681424627957566,0.037910579362626616,0.4674755749365503,1.2054209107625142,1.263503653171938,0.0,2.1,2.010287756811982,0.009771555041273383,0.0021267830778696427,0.00030118444313603966,5.301606970218023e-05,0.00030118444313603966,5.301606970218023e-05,0.0
orientation_budget_0p2,58.129207868438336,35.62457019808018,3.769452863477236,2.868949714749938,7.687881499655757,0.0532290064013945,0.4488614864713239,30.561440168997112,1.8019694506507882,15.99288843084719,1.0392514445617662,17.802633831775207,1.289827747991784,41.69480717547145,2.755360219279686,7.0580806881179505,0.7612778595820021,13.307985462370283,1.2135035134962437,22.47518624451385,1.7591957597514947,0.10474218695061537,0.07298920568898708,0.29703791599502544,0.06641753106895272,0.10080104994837948,0.09904059308261472,0.06375237314607164,0.6624711426835085,0.2079655562183432,0.0,0.052540545251578974,0.5259692044078226,0.06779186859420597,0.00495337995337995,0.006698821007502675,0.03818327974276527,0.026806281805213234,0.04720279720279721,0.011072261072261067,0.08936227224008575,0.08275058275058275,0.08558808792453652,0.07546620046620046,0.048862153376848065,296.2951613577995,89.40294377680402,3.4289099276065826,2.7954455853129425,2.9184023475625764e-08,2.0329419900956024e-09,15.236192746718038,0.0512059351393642,0.359162962664575,1.3135212163130443,0.051046406835857074,0.051046406835857074,0.9280901645070117,0.00292056074766355,1.1407472575228894,0.0057609860664523,47.361230632910754,2.228284254670143,0.010040702185787382,0.010040702185787382,0.9898011624803379,0.0,1.5528250369243324,0.0,2.067938990279572,0.0,0.10516351260120844,0.07521255346349677,0.18935112565281295,0.08275089335657722,0.08074367022574559,0.05048230373888666,0.06976865583576032,0.15679535704101413,0.03804984373021981,296.2951613577995,89.40294377680402,3.4289093053340927,2.7954453778887793,15.236188909556375,0.0512059351393642,0.3591628842831915,1.3135205134749417,0.04968624484028527,0.9280898267473581,0.002531152647975075,1.140747050098726,0.005493033226152192,47.361230632910754,2.2282836323976527,0.009133599180143717,0.9898011624803379,0.0,1.5528250369243324,0.0,2.067938990279572,0.0,0.06684402989455625,0.10516351260120844,0.07521255346340992,0.1893511260089629,0.08275089832015003,0.08074367317621518,0.05048230445722052,1.0,0.06976865583576032,2.2376666666666667,0.08074569172129371,0.23771708520707535,0.09426498635884373,0.05877699732439739,0.009457599817584239,1.0,0.8710241180908888,0.2391050830716849,0.3469779176684171,0.1567953604043055,0.03804984374436606,0.4674755749365503,1.2019514663000395,1.2738809212654207,0.0,2.1,2.039920842214545,0.009870401273171058,0.0021339187397422057,0.000308067848285023,5.3682841255953135e-05,0.000308067848285023,5.3682841255953135e-05,0.0
orientation_budget_0p25,58.079402119428835,35.686991748915325,3.7686626928906133,2.8689563032998358,7.679082960087982,0.05417101419990347,0.4490793941514661,30.581772591439897,1.8036066997919942,15.928884478481562,1.0383079877904207,18.006045953203028,1.292672058237364,41.62563815802196,2.7545683013702984,6.94008031258156,0.7770292192318933,13.293550584960082,1.2125551163014314,22.457186999960346,1.7591841526843846,0.10489365567917042,0.07298680911294965,0.29519526333437845,0.0675709336064383,0.1007849587310491,0.09901632287908817,0.0637474823857168,0.6624711426835085,0.20767720558397176,0.0,0.052540545251578974,0.5259692044078226,0.06721516732546318,0.0052447552447552415,0.006698821007502675,0.03818327974276527,0.02651490651383794,0.04516317016317017,0.010198135198135191,0.08936227224008575,0.08275058275058275,0.08558808792453652,0.07517482517482517,0.04882484819822905,295.8372615466942,89.37150436395315,3.422396257519722,2.7958218147978187,2.9795169775859165e-08,2.0472822264534695e-09,15.353864192836758,0.052171336523266165,0.3598381022610231,1.3149728377660115,0.051046406835857074,0.051046406835857074,0.9307561113018892,0.00292056074766355,1.1295004915155005,0.0057609860664523,46.75403159732583,2.2288660208384194,0.010040702185787382,0.010040702185787382,0.9699624127582259,0.0,1.5520881958461057,0.0,2.061237876328429,0.0,0.10517302237997676,0.07521266175229978,0.18759653217362715,0.08278584758695244,0.08077107445428637,0.0504937713134484,0.06976865583576032,0.1566849932407547,0.03816391166301665,295.8372615466942,89.37150436395315,3.422395635247232,2.7958216073736555,15.353860346203753,0.052171336523266165,0.35983809685160395,1.314972134927909,0.04955226842013521,0.9307557735422356,0.002336448598130833,1.129500284091337,0.005493033226152192,46.75403159732583,2.228865191141763,0.009424974471519,0.9699624127582259,0.0,1.5520881958461057,0.0,2.061237876328429,0.0,0.06680672471593724,0.10517302237997676,0.07521266175221293,0.18759653244617636,0.08278584758695244,0.08077107541792024,0.05049377182861811,1.0,0.06976865583576032,2.2376666666666667,0.08077301528537342,0.23570746078745916,0.09426498635884373,0.05878420453991214,0.010251645839400497,1.0,0.8710241446942811,0.23944550234317097,0.3471796823237923,0.15668499660404608,0.03816391167707542,0.4674755749365503,1.2063744194200252,1.2805007126492758,0.0,2.1,2.063832354236956,0.009883531679709701,0.0021374475468143917,0.00031800288707015627,5.529811898058171e-05,0.00031800288707015627,5.529811898058171e-05,0.0
orientation_budget_0p3,58.079335189905755,35.79288885978395,3.767778992971023,2.8692768819229464,7.679082223016824,0.05493539110073789,0.4494754245526928,30.610553964369405,1.8060163414974897,15.928886593720229,1.0401555105544495,18.12005667919033,1.3013067380294698,41.6255651609674,2.7536833010522144,6.754635138509187,0.7904692228685227,13.293539664665943,1.2125549691216706,22.457170179596762,1.7563286792841735,0.10489212992365338,0.07298889025227537,0.29363733290666555,0.0675709336064383,0.10077202841251648,0.09898883518273104,0.06374972122453053,0.6624711426835085,0.20767720558397176,0.0,0.052540545251578974,0.5259692044078226,0.06721516732546318,0.0052447552447552415,0.006698821007502675,0.03818327974276527,0.02651490651383794,0.043706293706293704,0.0099067599067599,0.08936227224008575,0.08275058275058275,0.08529671263316123,0.07517482517482517,0.04882484819822905,295.89981757756806,89.69270878878889,3.416751821835836,2.794566876254976,2.9795169775859165e-08,2.047854271417544e-09,15.627315855764932,0.0529296693977942,0.3604752416960653,1.3167547682921092,0.051046406835857074,0.051046406835857074,0.9331897140327783,0.00292056074766355,1.1337070087999261,0.0057609860664523,46.75439326092564,2.228864779074987,0.010040702185787382,0.010040702185787382,0.9847335622907849,0.0,1.5521111684696127,0.0,2.055594696400931,0.0,0.1051730748444818,0.07521553775296562,0.18614694989984062,0.08281583502763869,0.08080366922375039,0.05050864273747512,0.06976865583576032,0.156561263700669,0.03825359167377428,295.89981757756806,89.69270878878889,3.4167511995633455,2.7945666688308126,15.62731200980302,0.0529296693977942,0.36047523628664657,1.3167540654540066,0.04955226842013521,0.9331893762731247,0.002336448598130833,1.1337068013757625,0.005493033226152192,46.75439326092564,2.2288639493783307,0.009424974471519,0.9847335622907849,0.0,1.5521111684696127,0.0,2.055594696400931,0.0,0.06680672471593724,0.1051730748444818,0.07521553775287877,0.18614695016592306,0.08281583999155831,0.08080366919779387,0.050508643321997206,1.0,0.06976865583576032,2.2376666666666667,0.08080557630412967,0.23391479673223445,0.09426498635884373,0.05879270831418195,0.011084972282735491,1.0,0.8710240629495755,0.23944671350018054,0.34717972756954135,0.1565612670639604,0.03825359168786086,0.4674755749365503,1.199390521599762,1.273850371944718,0.0,2.1,2.0866289585902966,0.009892730663220033,0.002143426253133235,0.0003271174306670646,5.676341872475621e-05,0.0003271174306670646,5.676341872475621e-05,0.0
orientation_budget_0p4,58.07933656333214,35.893536875551575,3.7664795341483317,2.882414469991812,7.679083229239221,0.056000329264704905,0.45010232767588615,30.695713703646007,1.8138575916462025,15.928882476762974,1.0429145303641627,18.280778978225023,1.31820696812249,41.62553347805063,2.752382201186238,6.620406560303152,0.8132056247279302,13.293529725693324,1.2125547601173194,22.457160454384468,1.751597957544112,0.10489074996263946,0.07299727102456537,0.2910602655375108,0.0675709336064383,0.10075766982780256,0.0989452520082496,0.0637450034846296,0.6624711426835085,0.20767720558397176,0.0,0.052540545251578974,0.5259692044078226,0.06721516732546318,0.0052447552447552415,0.006698821007502675,0.03818327974276527,0.02651490651383794,0.042540792540792544,0.009324009324009317,0.08936227224008575,0.08275058275058275,0.08529671263316123,0.07517482517482517,0.04853649756385766,295.92589498861344,89.36137817120958,3.408079966902733,2.795258085243404,2.9795169775859165e-08,2.0512955931638047e-09,15.429083083986079,0.05398405338922998,0.3617073135528696,1.321366677681605,0.051046406835857074,0.051046406835857074,0.9377605251756904,0.00292056074766355,1.1448696544296884,0.0057609860664523,46.75437773888273,2.2288629164298377,0.010040702185787382,0.010040702185787382,1.0146963413717458,0.0,1.5521191720229883,0.0,2.0469225692067994,0.0,0.10517314065097094,0.075224944059143,0.18371429693046562,0.0828892829745461,0.08088409085320224,0.05054523671795044,0.06976865583576032,0.15652981767885168,0.03837956381026012,295.92589498861344,89.36137817120958,3.408079344630243,2.7952578778192407,15.429079238024217,0.05398405338922998,0.36170724667276394,1.3213659748435025,0.04955226842013521,0.9377601874160368,0.002336448598130833,1.144869447005525,0.005493033226152192,46.75437773888273,2.2288620867331814,0.009424974471519,1.0146963413717458,0.0,1.5521191720229883,0.0,2.0469225692067994,0.0,0.06680672471593724,0.10517314065097094,0.07522494405905615,0.18371429717791754,0.08288928262593007,0.08088409166425084,0.050545237250993136,1.0,0.06976865583576032,2.2376666666666667,0.08088597584169381,0.2308566472605572,0.09469554311889189,0.0588137058227742,0.01275162876618491,1.0,0.8710240886186874,0.23944678292851307,0.34717983865487345,0.15652982104214305,0.038379563824206916,0.4674755749365503,1.2049022877135482,1.2735408735655558,0.0,2.1,2.1213178581882897,0.009924975534280091,0.00214544736276394,0.0003413079927364813,5.8920690133138095e-05,0.0003413079927364813,5.8920690133138095e-05,0.0
position_budget_0,61.24087449391832,38.1863158005304,3.7909056512343895,2.907172595499097,8.62726148983301,0.05721839807732995,0.46568697941762327,32.42746406541864,1.83282313749156,21.343304836841032,1.1295830935250695,25.19994560320998,1.4509384157750504,42.284979628331726,2.76634732232009,10.52360650264802,0.9215737192746807,13.78192434665649,1.2097025459865784,24.593690149133877,1.8563269458736353,0.10608047588426354,0.07303804466105272,0.3042404668040583,0.07881963300392664,0.10023146447483683,0.09846748820494249,0.06341566410105505,0.6369952293935085,0.19056346069074237,0.0,0.04994538954223641,0.5004932911178227,0.04952472116349096,0.0052447552447552415,0.01938624891984408,0.03818327974276527,0.039530005601601394,0.044580419580419584,0.011363636363636359,0.08936227224008575,0.07867132867132866,0.08587946321591182,0.07604895104895106,0.05477029832553628,335.2272393991977,101.49560897843914,3.593210130929947,2.8537659512949176,3.810326260067498e-08,2.5786090695984764e-09,17.55176970369318,0.055045392757079224,0.36946017857771746,1.3238973915576935,0.04845125112651453,0.04845125112651453,1.0104689514870795,0.008399222800720066,1.2856785142503213,0.018448413978793706,57.13474393511768,2.2570757816235223,0.02276442598217554,0.02276442598217554,1.3605974108941155,0.0,1.6586193911886464,0.0,2.3173880526883295,0.0,0.10645749874959613,0.0752485755515145,0.19883545549985068,0.0820223762660521,0.08006798760957871,0.049997251523997414,0.07067000362292127,0.1618729518541972,0.03890068895801195,335.2272393991977,101.49560897843914,3.593209508657457,2.853765536446588,17.551758134737252,0.055045392757079224,0.36946022252799554,1.3238966887195909,0.04695711271079265,1.0104685864086305,0.006950058748073158,1.2856780994019943,0.01760375986975081,57.13474414373483,2.2570747445027,0.021428812577629425,1.3605974108941155,0.0,1.6586193911886464,0.0,2.3173880526883295,0.0,0.06756488808156325,0.10645749874959613,0.07524857555142765,0.1988354554103319,0.0820223762660521,0.08006798754997141,0.04999725232589098,1.0,0.07067000362292127,2.2376666666666667,0.08007594951806178,0.2679383279016943,0.044395863543658244,0.08007594951806178,0.011421673697395872,1.0,0.8713273898657358,0.2642781396947644,0.36619941891496177,0.16187295604162213,0.038900689241409006,0.4674755749365503,1.1860646816531795,1.2588844314450398,0.0,2.1,2.1653504506999255,0.0103312501062949,0.002227191729406233,0.00027740715692438817,4.616292308789337e-05,0.00027740715692438817,4.616292308789337e-05,0.0
position_budget_0p01,58.006137859615116,35.581073508203794,3.7652223219967476,2.869045847451042,7.697346374448759,0.05405332679708638,0.4498017693252258,30.711835259096045,1.8078754702703395,15.683591209670709,1.0292681693276402,17.873953034701334,1.2898600378126897,42.26212586292231,2.7772377112367046,6.822365499845141,0.7714153342081255,13.365026145040842,1.213108855070743,22.510461425706865,1.7511057381061506,0.10464223593735165,0.07297790763854538,0.29511704790089544,0.06631647360363564,0.1008097654144602,0.09900753436918114,0.06376288184655993,0.6624711426835085,0.21056071192768575,0.0,0.05282889588595036,0.5259692044078226,0.07038702430354853,0.0052447552447552415,0.006698821007502675,0.03818327974276527,0.02651490651383794,0.04516317016317017,0.009615384615384607,0.08936227224008575,0.08275058275058275,0.08529671263316123,0.07517482517482517,0.04911319883260044,300.1063520666018,91.66595334439386,3.4177290896574655,2.799790040589869,2.9795169775859165e-08,2.0518580234479066e-09,16.18482464307697,0.05219882841781694,0.3660479458965425,1.3387488822142284,0.051334757470228476,0.051334757470228476,0.9406063657782701,0.00292056074766355,1.1044101568889648,0.0057609860664523,49.036548007279286,2.246427039305369,0.010040702185787382,0.010040702185787382,0.9593943559593754,0.0,1.55645299431247,0.0,2.05080913460165,0.0,0.10494280130217697,0.07520850149304541,0.18744269792248325,0.08292380767279783,0.08092796996056949,0.050541288682874004,0.07005700647013173,0.1565459122865062,0.03812952306760153,300.1060383661194,91.66595334439386,3.4177284673849755,2.799789833165706,16.184828671936188,0.05219882841781694,0.36604795600168805,1.338748179376126,0.049840619054506596,0.9406060280186165,0.002336448598130833,1.1044099494648014,0.005493033226152192,49.036548007279286,2.2464262096087126,0.009424974471519,0.9593943559593754,0.0,1.55645299431247,0.0,2.05080913460165,0.0,0.06709507535030863,0.10494280130217697,0.07520850149295856,0.18744269826862878,0.08292381263642455,0.08092796993461297,0.05054128930409674,1.0,0.07005700647013173,2.2376666666666667,0.0809298931225645,0.23536926395717342,0.09448027051861263,0.05838758172968558,0.00991802988285958,1.0,0.870712409160256,0.2361014466026269,0.3417111903519898,0.15654591564979758,0.038129523081037474,0.4674755749365503,1.195739792234351,1.2764338001337212,0.0,2.1,2.0645937296377794,0.009871291617552383,0.0021391534594620582,0.00032103372116880634,5.6428356550836276e-05,0.00032103372116880634,5.6428356550836276e-05,0.0
position_budget_0p015,58.04984581248208,35.63585475753369,3.7670351584048034,2.8676392407421107,7.686616234719923,0.054050924377525865,0.4493628121610285,30.661514733047877,1.8050285321357329,15.809192986541666,1.0340047929374172,17.9313597371777,1.2911431578155899,41.61353230126565,2.7655218289683563,6.869366627232506,0.7735633197172435,13.332199272047921,1.2133238368472838,22.462369490054005,1.7554225048696697,0.10478028429262137,0.07298310422851,0.29515720879423496,0.06660482423800705,0.10080015032857408,0.09901687366488898,0.06375562476157065,0.6624711426835085,0.20950836685551724,0.0,0.052540545251578974,0.5259692044078226,0.06933467923138002,0.0052447552447552415,0.006698821007502675,0.03818327974276527,0.02651490651383794,0.04516317016317017,0.0099067599067599,0.08936227224008575,0.08275058275058275,0.08529671263316123,0.07517482517482517,0.04882484819822905,303.04162373795407,90.23947734476683,3.4186880414684615,2.799431260985633,2.9795169775859165e-08,2.0472822264534695e-09,15.952082609422398,0.052190392973947765,0.3618485349365967,1.3147803644339244,0.051046406835857074,0.051046406835857074,0.9318711081505171,0.00292056074766355,1.1179772761048905,0.0057609860664523,46.25435685738884,2.2328291088342667,0.010040702185787382,0.010040702185787382,0.961483952778508,0.0,1.5538468433078378,0.0,2.0560666470430533,0.0,0.10502966824223821,0.07521078238720534,0.18751841616457468,0.08285007085689328,0.08084570813303092,0.0505151317461767,0.06976865583576032,0.15660937333939765,0.038147709564065053,303.0419237790387,90.23923798555568,3.418687419195971,2.7994310535614697,15.952024363586276,0.052190392973947765,0.36184852948581203,1.3147796615958218,0.04955226842013521,0.9318707703908634,0.002336448598130833,1.1179770686807269,0.005493033226152192,46.25435685738884,2.2328282791376104,0.009424974471519,0.961483952778508,0.0,1.5538468433078378,0.0,2.0560666470430533,0.0,0.06680672471593724,0.10502966824223821,0.0752107823871185,0.1875184164746223,0.08285007085689328,0.08084571191957936,0.050515132493978016,1.0,0.06976865583576032,2.2376666666666667,0.0808476389590121,0.23553736814622728,0.094264987857695,0.058576050754361425,0.010086039788594939,1.0,0.8708835879896584,0.2378025556686981,0.344495096737267,0.15660937670268904,0.038147709577292334,0.4674755749365503,1.1969144449104638,1.2496717996934117,0.0,2.1,2.064440491001531,0.00987799093127246,0.0021386211083507414,0.00031956378370521463,5.5907878215013486e-05,0.00031956378370521463,5.5907878215013486e-05,0.0
position_budget_0p02,58.079402119428835,35.686991748915325,3.7686626928906133,2.8689563032998358,7.679082960087982,0.05417101419990347,0.4490793941514661,30.581772591439897,1.8036066997919942,15.928884478481562,1.0383079877904207,18.006045953203028,1.292672058237364,41.62563815802196,2.7545683013702984,6.94008031258156,0.7770292192318933,13.293550584960082,1.2125551163014314,22.457186999960346,1.7591841526843846,0.10489365567917042,0.07298680911294965,0.29519526333437845,0.0675709336064383,0.1007849587310491,0.09901632287908817,0.0637474823857168,0.6624711426835085,0.20767720558397176,0.0,0.052540545251578974,0.5259692044078226,0.06721516732546318,0.0052447552447552415,0.006698821007502675,0.03818327974276527,0.02651490651383794,0.04516317016317017,0.010198135198135191,0.08936227224008575,0.08275058275058275,0.08558808792453652,0.07517482517482517,0.04882484819822905,295.8372615466942,89.37150436395315,3.422396257519722,2.7958218147978187,2.9795169775859165e-08,2.0472822264534695e-09,15.353864192836758,0.052171336523266165,0.3598381022610231,1.3149728377660115,0.051046406835857074,0.051046406835857074,0.9307561113018892,0.00292056074766355,1.1295004915155005,0.0057609860664523,46.75403159732583,2.2288660208384194,0.010040702185787382,0.010040702185787382,0.9699624127582259,0.0,1.5520881958461057,0.0,2.061237876328429,0.0,0.10517302237997676,0.07521266175229978,0.18759653217362715,0.08278584758695244,0.08077107445428637,0.0504937713134484,0.06976865583576032,0.15668499324075472,0.03816391166301665,295.8372615466942,89.37150436395315,3.422395635247232,2.7958216073736555,15.353860346203753,0.052171336523266165,0.35983809685160395,1.314972134927909,0.04955226842013521,0.9307557735422356,0.002336448598130833,1.129500284091337,0.005493033226152192,46.75403159732583,2.228865191141763,0.009424974471519,0.9699624127582259,0.0,1.5520881958461057,0.0,2.061237876328429,0.0,0.06680672471593724,0.10517302237997676,0.07521266175221293,0.18759653244617636,0.08278584758695244,0.08077107541792024,0.05049377182861811,1.0,0.06976865583576032,2.2376666666666667,0.08077301528537342,0.23570746078745916,0.09426498635884373,0.05878420453991214,0.010251645839400497,1.0,0.8710241446942811,0.23944550234317097,0.3471796823237923,0.15668499660404608,0.03816391167707542,0.4674755749365503,1.199065159966334,1.2638196523766965,0.0,2.1,2.063832354236956,0.009883531679709701,0.0021374475468143913,0.00031800288707015627,5.529811898058172e-05,0.00031800288707015627,5.529811898058172e-05,0.0
position_budget_0p025,58.09690146302654,35.724091873201154,3.77009863618192,2.8730336658724656,7.682035003399694,0.05429386490141938,0.4488612609476054,30.51554699619011,1.803970169692682,15.981454983984833,1.0425831114958963,18.06875736083632,1.2942415777754432,41.722859926407196,2.7481392259821167,7.017990071563247,0.7801565000000655,13.252851206025062,1.2116771175739884,22.557923976072107,1.7629635247470679,0.1050000384609754,0.07298990124475542,0.2952333008281131,0.0675709336064383,0.10076574137770249,0.09900270352865738,0.06373909621851558,0.6624711426835085,0.20623545241211483,0.0,0.05225219461720757,0.5259692044078226,0.0660617647879776,0.0052447552447552415,0.006698821007502675,0.03818327974276527,0.02680325714820933,0.04516317016317017,0.010780885780885775,0.08936227224008575,0.08275058275058275,0.08558808792453652,0.07546620046620046,0.04853649756385766,303.3840011994471,89.97314912752097,3.4285873795549073,2.799588412356874,2.9795169775859165e-08,2.042892729384402e-09,14.18589267789369,0.052149573794933846,0.3601837008271295,1.315433531999588,0.05075805620148569,0.05075805620148569,0.9343023257315508,0.00292056074766355,1.1408437482411198,0.0057609860664523,47.660425771027434,2.2314097732305527,0.010040702185787382,0.010040702185787382,0.9811678046389716,0.0,1.5520742260074865,0.0,2.066488052141343,0.0,0.10532433249602939,0.07521425679253216,0.1876743531370214,0.08272982909336807,0.08072396320196058,0.050475377329777305,0.06948030520138893,0.15676301723418354,0.038180327140164706,303.38429441083287,89.97314912752097,3.4285867572824174,2.7995882049327103,14.185888825590503,0.052149573794933846,0.36018369546114176,1.3154328291614854,0.049263917785763806,0.9343019879718972,0.002336448598130833,1.1408435408169562,0.005493033226152192,47.660425771027434,2.2314089435338964,0.009424974471519,0.9811678046389716,0.0,1.5520742260074865,0.0,2.066488052141343,0.0,0.06651837408156584,0.10532433249602939,0.07521425679244531,0.18767435345072578,0.08272983405691768,0.08072396284255977,0.05047537787570677,1.0,0.06948030520138893,2.2376666666666667,0.0807259109509338,0.23582958835131193,0.09405568343345905,0.05901639545504534,0.010367641299291871,1.0,0.871149645395313,0.24096732237953922,0.349658051611941,0.1567630205974749,0.03818032715420084,0.4674755749365503,1.195424295109327,1.2544976081699133,0.0,2.1,2.063042413212543,0.009886536747217118,0.0021359741661190995,0.0003162048136194396,5.458059287164166e-05,0.0003162048136194396,5.458059287164166e-05,0.0
position_budget_0p03,58.11347894879114,35.800970029164446,3.771467699668001,2.8767892146067404,7.679646026889376,0.05441525966050483,0.4486804794598675,30.470936975406588,1.8047168990919225,16.145050687370084,1.0467037928781018,18.103975001463215,1.2955116428409648,41.799291334754834,2.7465718464785702,7.12156876024626,0.7828731812120595,13.217787880897006,1.2106182349562198,22.645454046196022,1.7665585331653746,0.10509388046123347,0.07299214583965984,0.29527261451079195,0.06814763487518109,0.10074254825825697,0.09897861441445527,0.06372785108669721,0.6624711426835085,0.20479369924025784,0.0,0.05225219461720757,0.5259692044078226,0.06433166098174921,0.0052447552447552415,0.006698821007502675,0.03818327974276527,0.027379958416952125,0.04487179487179487,0.011072261072261067,0.08936227224008575,0.08275058275058275,0.08558808792453652,0.07546620046620046,0.04853649756385766,298.0510153065552,90.07193606521473,3.4358035773038864,2.8034373574579763,2.9795169775859165e-08,2.042892729384402e-09,13.654497550485393,0.052208227522323625,0.3605322554464963,1.3160196443398793,0.05075805620148569,0.05075805620148569,0.9378667106526942,0.00292056074766355,1.1516598763895065,0.0057609860664523,48.06401130432847,2.238395313421885,0.010040702185787382,0.010040702185787382,0.9885883597841408,0.0,1.5527226981551696,0.0,2.0720147337840444,0.0,0.10542724612405126,0.07521576477741924,0.18774874034873956,0.08268033733282311,0.08067858798414713,0.05045926885190083,0.06948030520138893,0.15683536331746734,0.03819612658598994,298.0510153065552,90.07193606521473,3.4358029550313955,2.803437150033812,13.65449371030099,0.052208227522323625,0.36053225012605555,1.316018941501777,0.049263917785763806,0.9378663728930406,0.002336448598130833,1.151659668965343,0.005493033226152192,48.06401130432847,2.2383944837252288,0.009424974471519,0.9885883597841408,0.0,1.5527226981551696,0.0,2.0720147337840444,0.0,0.06651837408156584,0.10542724612405126,0.0752157647773324,0.18774874059871124,0.08268033733282311,0.08067858894626981,0.05045926940090844,1.0,0.06948030520138893,2.2376666666666667,0.08068055569619811,0.23598722439722183,0.09405568343345905,0.05924905395747618,0.010518490536634088,1.0,0.8712443781732011,0.24247187846957652,0.3520816318001751,0.15683536668075873,0.03819612660093192,0.4674755749365503,1.2039543453270103,1.2629326146755677,0.0,2.1,2.0619200566127946,0.009886210163434292,0.0021342098888103246,0.00031415931880472296,5.378594288651879e-05,0.00031415931880472296,5.378594288651879e-05,0.0
sing_rate_0,58.40549539613355,38.58767445661749,3.7870185972002006,3.211455544099756,7.549207797664377,0.05430223785923769,0.44411429970323474,29.16860878224412,1.7274961659980026,15.947790159599025,1.0391009704917231,17.557714110757683,1.2675064933104248,43.47945020024857,2.805243590523751,6.342027922166939,0.7773510893023928,13.457053055214239,1.2512110949128659,22.5453156021381,1.7431567765656215,0.06914939225746403,0.06401080012758405,0.29675663721396434,0.07607481925615292,0.10014449547563457,0.09831213018116314,0.0631614648817564,0.719136990460659,0.393139466402791,0.0,0.05240656883142891,0.5257745003579783,0.06684558255109053,0.0052447552447552415,0.006966773847802783,0.23894246382888099,0.22267281441130726,0.04545454545454545,0.002622377622377617,0.08936227224008575,0.08275058275058275,0.08500533734178593,0.07459207459207459,0.0651609057001708,313.8510487209108,91.23017245049898,3.396182093032015,3.1980910152196884,3.687262536041421e-08,2.7451997960790294e-09,15.675480918375817,0.05221842588241052,0.3662096940064247,1.2469996387759845,0.05091243041570703,0.05091243041570703,0.9613071580740021,0.003309968847352025,1.1061442055506632,0.0057609860664523,51.00260740922132,2.2440574442346892,0.034077540921924436,0.034077540921924436,0.9683318694442278,0.0,1.5611776937779116,0.0,2.026500897576019,0.0,0.07535490222398368,0.06756526061779529,0.18756777882300832,0.08144392962264997,0.07941426848564587,0.04944348411500727,0.0940609262514358,0.1593518147986528,0.03910420722046942,313.8518935546613,91.23017245049898,3.3961808498778083,3.1980916170035787,15.675465681792096,0.05221842588241052,0.3662096770640484,1.246998935937882,0.049263917785763806,0.9613068203143486,0.00292056074766355,1.1061439981264998,0.00562700964630225,51.00260740922132,2.244055993656319,0.032071949937365694,0.9683318694442278,0.0,1.5611776937779116,0.0,2.026500897576019,0.0,0.0898834381170953,0.07535490222398368,0.06756526061770741,0.18756777838575767,0.08144392973273275,0.07941426917189708,0.04944348469041726,1.0,0.0940609262514358,2.2376666666666667,0.0794171130280154,0.235662874126248,0.09276392978345221,0.05782985576210739,0.010202992318326618,1.0,0.707413185324025,0.24061143902859441,0.34835142852682544,0.1593518147986528,0.03910420740971248,0.0,0.88356001756289,0.9257227357011288,0.0,2.1,2.353874286168034,0.010420210659503883,0.0022755802315654714,7.61728733777887e-05,1.5247133687170261e-05,7.61728733777887e-05,1.5247133687170261e-05,0.0
sing_rate_0p1,57.341776593047165,35.42744545097725,3.7232102562170772,2.681669406027497,7.916352155467375,0.052014265182392494,0.45401379041235795,32.452758029879114,1.8513665593803819,18.304241622413432,1.0658152225149433,16.984698028864106,1.3274592933962202,42.55561213844039,2.7149841574042415,7.192636363644191,0.7603211067022361,13.977461622219666,1.1691165901437952,22.331024263520884,1.733055568164638,0.10508484343665965,0.07860705045142218,0.29431654137421726,0.06195922319765989,0.10225667377164906,0.10029417712750467,0.064460153748142,0.6654755952082753,0.2047328812934115,0.0,0.05856948415833138,0.533141325292117,0.06614058961092491,0.0052447552447552415,0.006296891747052517,0.0377813504823151,0.021615752652090467,0.04108391608391609,0.0,0.08333333333333333,0.07342657342657342,0.087536489989761,0.07916830054680521,0.050298751421768685,308.86750679807545,91.13075551340451,3.4251889834801355,2.7125468151643877,2.7502377754802982e-08,1.9876965594335683e-09,15.939501614398168,0.05014222574857787,0.3522821938618348,1.3760700821876526,0.05747727500305966,0.05747727500305966,0.8856696558723343,0.0,1.114547610389612,0.006028938906752408,52.60627251118401,2.1769187102715173,0.008561115083117425,0.008561115083117425,0.9998485966207227,0.0,1.5838051185710356,0.0,2.0677477726186075,0.0,0.10329511880751206,0.08043088270085262,0.1896251539711331,0.08559851713222151,0.0841781042312587,0.052350857970796104,0.07206732899292949,0.15445570144025075,0.037637956271900704,308.8671999272919,91.13075551340451,3.4251883612076455,2.712546607740224,15.939490116767013,0.05014222574857787,0.3522821292756759,1.376069068908692,0.055715183747037676,0.8856696558723343,0.0,1.1145474029654485,0.005894962486602358,52.60627251118401,2.176918087999027,0.007798966349418668,0.9998485966207227,0.0,1.5838051185710356,0.0,2.0677477726186075,0.0,0.0694091125830587,0.10329511880751206,0.08043088267860703,0.18962515410513572,0.08559851713222151,0.08417810390439241,0.05235085845034315,1.0,0.07206732899292949,2.2376666666666667,0.08419931549188191,0.24037116022493601,0.11719455330142536,0.06117878719821995,0.01599966161174733,1.0,0.9268868168324981,0.21745697807382344,0.30951870173897705,0.15445570314971194,0.03763795629385917,0.46252359371115287,1.2104850972975312,1.2831573447328992,0.0,2.1,2.0016431144681093,0.0093649253249168,0.0020390333702489526,0.00037396543969708275,6.540331528660128e-05,0.00037396543969708275,6.540331528660128e-05,0.0
sing_rate_0p18,57.19288138236693,34.93637302185136,3.7082887181604387,2.7803073018545406,7.904133392029954,0.05396063029072964,0.4559826928544541,31.251346108516376,1.824052171983934,17.080542869877387,1.069404420603455,17.530810187366942,1.3093681395324583,41.16248804212964,2.6809241095049665,7.256113258334323,0.7797579121527547,13.203851709917965,1.191573793537913,22.280117808574463,1.751151046588741,0.10534077896827122,0.07463230606735764,0.29493263731309394,0.06175940317316252,0.10105246522578482,0.09921242801816864,0.0638769224097584,0.6619101946813849,0.19783183226367407,0.0,0.053076450932179185,0.5261639084576668,0.06371049442826691,0.0052447552447552415,0.006430868167202567,0.03818327974276527,0.024300305072140968,0.04516317016317017,0.011363636363636359,0.0880225080385852,0.0775058275058275,0.08558944949131865,0.07488344988344989,0.04866972238683776,291.87489277167816,90.95286116159217,3.4704615051547685,2.7171325113158673,2.7883847490232465e-08,2.0060582215810816e-09,15.734832853579624,0.05194456959424292,0.35541673660992834,1.3423524796962738,0.05225219461720757,0.05225219461720757,0.9091575660325665,0.0,1.1243783750008636,0.006430868167202567,51.47896086176192,2.174854278564453,0.009466448238351124,0.009466448238351124,1.0405464151214499,0.0,1.5445421449840069,0.0,2.0594666557561445,0.0,0.10495249529636863,0.07652532722889349,0.18802779097719968,0.08351225903752908,0.0815935230661657,0.05093776429207295,0.06814951102276126,0.15630065839994542,0.03796833965504026,291.87489277167816,90.95286116159217,3.4704608828822785,2.717132303891704,15.734838545342136,0.05194456959424292,0.3554167268574391,1.3423514664173133,0.05089203262163575,0.9091575660325665,0.0,1.1243781675767002,0.006162915326902458,51.47896086176192,2.1748536562919627,0.008990414758608775,1.0405464151214499,0.0,1.5445421449840069,0.0,2.0594666557561445,0.0,0.06604536270714699,0.10495249529636863,0.07652532721388948,0.18802779107033948,0.08351225903752908,0.0815935230661657,0.05093776496444733,1.0,0.06814951102276126,2.2376666666666667,0.08160173032952689,0.23664307413693927,0.0974941871511499,0.059196309203398106,0.011280888427029406,1.0,0.8926667338500112,0.2331285902294947,0.33630342846365296,0.1563006617687999,0.03796833967441002,0.4660474744973233,1.2063240079087374,1.2683395635879908,0.0,2.1,2.0499733115096093,0.009677403916915217,0.0021091076618964463,0.00034577275315918286,6.030539526062886e-05,0.00034577275315918286,6.030539526062886e-05,0.0
sing_rate_0p25,58.079402119428835,35.686991748915325,3.7686626928906133,2.8689563032998358,7.679082960087982,0.05417101419990347,0.4490793941514661,30.581772591439897,1.8036066997919942,15.928884478481562,1.0383079877904207,18.006045953203028,1.292672058237364,41.62563815802196,2.7545683013702984,6.94008031258156,0.7770292192318933,13.293550584960085,1.2125551163014314,22.457186999960346,1.7591841526843846,0.10489365567917042,0.07298680911294965,0.29519526333437845,0.0675709336064383,0.1007849587310491,0.09901632287908817,0.0637474823857168,0.6624711426835085,0.20767720558397176,0.0,0.052540545251578974,0.5259692044078226,0.06721516732546318,0.0052447552447552415,0.006698821007502675,0.03818327974276527,0.02651490651383794,0.04516317016317017,0.010198135198135191,0.08936227224008575,0.08275058275058275,0.08558808792453652,0.07517482517482517,0.04882484819822905,295.8372615466942,89.37150436395315,3.422396257519722,2.7958218147978187,2.9795169775859165e-08,2.0472822264534695e-09,15.353864192836758,0.052171336523266165,0.3598381022610231,1.3149728377660115,0.051046406835857074,0.051046406835857074,0.9307561113018892,0.00292056074766355,1.1295004915155005,0.0057609860664523,46.75403159732583,2.2288660208384194,0.010040702185787382,0.010040702185787382,0.9699624127582259,0.0,1.5520881958461057,0.0,2.061237876328429,0.0,0.10517302237997676,0.07521266175229978,0.18759653217362715,0.08278584758695244,0.08077107445428637,0.0504937713134484,0.06976865583576032,0.15668499324075472,0.03816391166301665,295.8372615466942,89.37150436395315,3.422395635247232,2.7958216073736555,15.353860346203753,0.052171336523266165,0.35983809685160395,1.314972134927909,0.04955226842013521,0.9307557735422356,0.002336448598130833,1.129500284091337,0.005493033226152192,46.75403159732583,2.228865191141763,0.009424974471519,0.9699624127582259,0.0,1.5520881958461057,0.0,2.061237876328429,0.0,0.06680672471593724,0.10517302237997676,0.07521266175221293,0.18759653244617636,0.08278584758695244,0.08077107541792024,0.05049377182861811,1.0,0.06976865583576032,2.2376666666666667,0.08077301528537342,0.23570746078745916,0.09426498635884373,0.05878420453991214,0.010251645839400497,1.0,0.8710241446942811,0.23944550234317097,0.3471796823237923,0.15668499660404608,0.03816391167707542,0.4674755749365503,1.2066176216701026,1.2711955898945841,0.0,2.1,2.0638323542369563,0.009883531679709701,0.0021374475468143913,0.00031800288707015627,5.529811898058171e-05,0.00031800288707015627,5.529811898058171e-05,0.0
sing_rate_0p35,59.895412482147,37.86590706941495,3.793770459928035,2.9711947661681237,7.687702056866805,0.054201095489259866,0.4492840447758293,29.98290895692895,1.7936619506456302,15.980488945002511,1.0359407502746143,17.520250163541487,1.2707328401895759,43.18784243697471,2.782940952365901,6.404254231292146,0.7767164848323441,13.297510828017776,1.216869606130512,22.482102620938747,1.741881123540541,0.1046771653841121,0.07211411225161372,0.2954380016285681,0.07089041203876718,0.10078177510444253,0.09896785720979667,0.06370612942435759,0.6622764386336643,0.20819555069063855,0.0,0.05240656883142891,0.5257745003579783,0.0674098713753074,0.0052447552447552415,0.006966773847802783,0.03818327974276527,0.035131032149318675,0.04545454545454545,0.004370629370629367,0.08936227224008575,0.08275058275058275,0.08500533734178593,0.07459207459207459,0.055837820420168695,302.06877992592734,88.98602153749384,3.388811902065451,2.865873247695466,3.718932471234263e-08,2.611408461993874e-09,15.522355241325714,0.05218818995536056,0.3661672694282379,1.2851593395074208,0.05091243041570703,0.05091243041570703,0.9613296871672597,0.0031152647975077833,1.107757869855656,0.0057609860664523,46.936802876491925,2.2326490531365075,0.0186285100197869,0.0186285100197869,0.9684732600968952,0.0,1.5545932692475617,0.0,2.0259057435130976,0.0,0.10522942607239803,0.07463999790402447,0.18757023329288883,0.08245064934276383,0.08040765144618288,0.050280690431151465,0.07841719129945403,0.15638885602979866,0.038316500802493,302.0690399015187,88.98596534521518,3.3888112797929604,2.8658728328471366,15.522352195066333,0.05218818995536056,0.36616726402052463,1.2851586366693184,0.04924351999169254,0.9613293494076062,0.00292056074766355,1.1077576624314924,0.005493033226152192,46.93631706585552,2.232648223439854,0.017283610703337567,0.9684732600968952,0.0,1.5545932692475617,0.0,2.0259057435130976,0.0,0.07494072466884584,0.10522942607239803,0.0746399978952399,0.1875702333778013,0.08245064945284661,0.08040765249283391,0.0502806911927735,1.0,0.07841719129945403,2.2376666666666667,0.08041049300966482,0.2356925006768075,0.09286862293107571,0.058592312328821866,0.010231832069722842,1.0,0.8491434270540679,0.2404466106427345,0.348210053718156,0.15638886022278667,0.03831650095099517,0.46776194377962016,1.2046452140089128,1.2789845379302278,0.0,2.1,2.0768875714863797,0.010049361735582301,0.0021639133218244603,0.0002961894497275173,5.1454164247112045e-05,0.0002961894497275173,5.1454164247112045e-05,0.0
sing_rate_0p5,59.84944371425882,38.78115433792673,3.7936000558977816,3.0071821798804894,7.677587910377652,0.05422496175426869,0.4494408493717131,29.768572064309733,1.785173214689604,15.999478362893916,1.036915094833087,17.52037384662115,1.2690934852955837,42.9557997025557,2.7842861976176665,6.3880499745528665,0.7767746300566124,13.336162970329406,1.2197656479409742,22.51965278911588,1.7420789104118157,0.10468988795052477,0.07146076698560955,0.2956526453982363,0.07174292992864215,0.10078946870567916,0.09897547660626661,0.06366397759801508,0.6622764386336643,0.20939595513997844,0.0,0.05240656883142891,0.5257745003579783,0.06684558255109053,0.0052447552447552415,0.006966773847802783,0.03818327974276527,0.03835260187975189,0.04545454545454545,0.002622377622377617,0.08936227224008575,0.08275058275058275,0.08500533734178593,0.07459207459207459,0.0592123668445006,309.77522938731755,89.9554463103414,3.3906900159005695,2.922214389157792,3.8114388793234845e-08,2.770428264505765e-09,15.709405981183751,0.052198321708325085,0.3661476037190197,1.2667402625083923,0.05091243041570703,0.05091243041570703,0.9613311943515631,0.003309968847352025,1.1081929903108783,0.0057609860664523,49.47787383571253,2.236222227414449,0.021855086198525553,0.021855086198525553,0.9667430343445934,0.0,1.556623203214258,0.0,2.026350797242079,0.0,0.10524901421343197,0.07415655574917493,0.18756858260735362,0.0823390591098929,0.08028349491524757,0.050161209719143146,0.08183847152803692,0.15680972113152272,0.03843715819233743,309.7758025853216,89.9554463103414,3.3906893936280795,2.9222141277596343,15.70940325239726,0.052198321708325085,0.36614758684932847,1.2667395596702897,0.04955226842013521,0.9613308565919093,0.00292056074766355,1.1081927828867146,0.005493033226152192,49.47772435819127,2.236221397717795,0.020848042388589023,0.9667430343445934,0.0,1.556623203214258,0.0,2.026350797242079,0.0,0.07881390478253998,0.10524901421343197,0.07415655574474815,0.18756858258434608,0.08233906418373325,0.08028349577695174,0.05016121053649706,1.0,0.08183847152803692,2.2376666666666667,0.08028631744069163,0.23568804658225717,0.09286862293107571,0.058488569827601485,0.010228164774335783,1.0,0.8270515599673809,0.24083298352452917,0.3487323862391351,0.1568097228354208,0.03843715835865575,0.468144763239974,1.2044630694070482,1.2779543171442735,0.0,2.1,2.088950583959187,0.010174127916494958,0.0021886300456860136,0.00027517726023990426,4.776956915535495e-05,0.00027517726023990426,4.776956915535495e-05,0.0
task_cost_10_1,57.401418535498316,35.44197907887457,3.7458066134034085,2.8296668149537623,7.710516073850265,0.05298741619585489,0.45224503111694675,30.01627400212641,1.7814891530281727,16.170031308189493,1.0399755198640375,18.11819601073096,1.296140600916831,41.09327710937879,2.746420454153135,7.778137779181876,0.7790557935167505,13.410463524395306,1.217815581430897,21.773271244290644,1.6892373006031836,0.10251745416945511,0.07296026873980535,0.30130492798023567,0.06653429393142606,0.10093099065580508,0.0991396814826358,0.06385802898424887,0.6624303802827469,0.2207965168457424,0.0,0.05329201852861438,0.5262571224770553,0.091365206670503,0.0,0.006430868167202567,0.03818327974276527,0.026621623616846182,0.04720279720279721,0.009324009324009317,0.08922829581993569,0.07575757575757576,0.085102008583317,0.07517482517482517,0.0494944903801098,233.07824431621307,42.493241799093205,3.4114131703972816,2.755710737158855,3.005266182206275e-08,2.038662079561747e-09,10.730615460655303,0.05079533174352985,0.35782277509829513,1.3123326934874058,0.052065832953192615,0.052065832953192615,0.8802343112013963,0.004283489096573208,1.1612743122289733,0.0057609860664523,51.93163485576693,2.2348823646704354,0.00981280038017825,0.00981280038017825,1.0594945750312945,0.0,1.5717123751528561,0.0,1.9019050985586243,0.0,0.10442263475439474,0.0751393384184235,0.1966631035732457,0.0830633495943106,0.0810480367373098,0.05066520081910069,0.07192310849639638,0.15541343844819552,0.0379586910182436,233.07795358835438,42.493241799093205,3.4114125481247917,2.7557105297346918,10.730615459235317,0.05079533174352985,0.3578229637757428,1.3123318354288742,0.05070567095762079,0.8802339734417427,0.0035046728971962586,1.1612741048048099,0.005493033226152192,51.93178575684587,2.234881534973779,0.009050651646479483,1.0594945750312945,0.0,1.5717123751528561,0.0,1.9019050985586243,0.0,0.06875402872744872,0.10442263475439474,0.07513933840983739,0.19666310392501207,0.08306335700606184,0.0810480401984492,0.05066520129093996,1.0,0.07192310849639638,2.2376666666666667,0.08105608494082157,0.2563804105827912,0.09552678086464249,0.058950348146958965,0.013174733522807675,1.0,0.8702773059071056,0.21905685379276962,0.3199843565648981,0.1554134418059238,0.03795869104669399,0.46802234757508954,1.2054664574378824,1.251963185495697,0.0,2.1,2.0574988385353428,0.009898060932755425,0.0021391787167279875,0.00029311018685498864,4.995548067116685e-05,0.00029311018685498864,4.995548067116685e-05,0.0
task_cost_12_1p5,58.079402119428835,35.686991748915325,3.7686626928906133,2.8689563032998358,7.679082960087982,0.05417101419990347,0.4490793941514661,30.581772591439897,1.8036066997919942,15.928884478481562,1.0383079877904207,18.006045953203028,1.292672058237364,41.62563815802196,2.7545683013702984,6.94008031258156,0.7770292192318933,13.293550584960082,1.2125551163014314,22.457186999960346,1.7591841526843846,0.10489365567917042,0.07298680911294965,0.29519526333437845,0.0675709336064383,0.1007849587310491,0.09901632287908817,0.0637474823857168,0.6624711426835085,0.20767720558397176,0.0,0.052540545251578974,0.5259692044078226,0.06721516732546318,0.0052447552447552415,0.006698821007502675,0.03818327974276527,0.02651490651383794,0.04516317016317017,0.010198135198135191,0.08936227224008575,0.08275058275058275,0.08558808792453652,0.07517482517482517,0.04882484819822905,295.8372615466942,89.37150436395315,3.422396257519722,2.7958218147978187,2.9795169775859165e-08,2.0472822264534695e-09,15.353864192836758,0.052171336523266165,0.3598381022610231,1.3149728377660115,0.051046406835857074,0.051046406835857074,0.9307561113018892,0.00292056074766355,1.1295004915155005,0.0057609860664523,46.75403159732583,2.2288660208384194,0.010040702185787382,0.010040702185787382,0.9699624127582259,0.0,1.5520881958461057,0.0,2.061237876328429,0.0,0.10517302237997676,0.07521266175229978,0.18759653217362715,0.08278584758695244,0.08077107445428637,0.0504937713134484,0.06976865583576032,0.1566849932407547,0.03816391166301665,295.8372615466942,89.37150436395315,3.422395635247232,2.7958216073736555,15.353860346203753,0.052171336523266165,0.35983809685160395,1.314972134927909,0.04955226842013521,0.9307557735422356,0.002336448598130833,1.129500284091337,0.005493033226152192,46.75403159732583,2.228865191141763,0.009424974471519,0.9699624127582259,0.0,1.5520881958461057,0.0,2.061237876328429,0.0,0.06680672471593724,0.10517302237997676,0.07521266175221293,0.18759653244617636,0.08278584758695244,0.08077107541792024,0.05049377182861811,1.0,0.06976865583576032,2.2376666666666667,0.08077301528537342,0.23570746078745916,0.09426498635884373,0.05878420453991214,0.010251645839400497,1.0,0.8710241446942811,0.23944550234317097,0.3471796823237923,0.15668499660404608,0.03816391167707542,0.4674755749365503,1.2044844596590294,1.2658514708164148,0.0,2.1,2.063832354236956,0.009883531679709701,0.0021374475468143917,0.00031800288707015627,5.529811898058171e-05,0.00031800288707015627,5.529811898058171e-05,0.0
task_cost_12_2,58.08069174881236,36.20611917872156,3.778433648751221,2.897795727673257,7.709621194059948,0.05537263262638855,0.4498562800744293,30.713266586689667,1.8183611480978266,15.955055188053569,1.0338750703568464,18.655585180864318,1.336612630702164,41.7828020056289,2.7639184601167934,6.553112498270976,0.7824978773863444,13.186828685372513,1.2063200213075311,21.834020789867996,1.7654319987163163,0.10499033890744137,0.073042476575911,0.29148144755875155,0.0681302617381137,0.10079106849946061,0.09895773884973996,0.06374074103326173,0.6626658467333527,0.20531086268801188,0.0,0.05240656883142891,0.5257745003579783,0.06469142555827802,0.006410256410256408,0.006832797427652733,0.03818327974276527,0.029137284136215566,0.04720279720279721,0.011946386946386943,0.08936227224008575,0.08304195804195803,0.0856861207328497,0.07517482517482517,0.04899373838558035,257.3860267981824,38.27942911205663,3.433400101736576,2.812867583706975,3.0299822447362366e-08,2.072156201740561e-09,11.387569090637731,0.05331707104013281,0.3625181974568424,1.322737584511439,0.051046406835857074,0.051046406835857074,0.916709519970027,0.0,1.1517392316212256,0.0057609860664523,46.23937265326541,2.230393389860789,0.012663079808165008,0.012663079808165008,0.9490046389449466,0.0,1.5440350883485128,0.0,1.9804545090546337,0.0,0.10524514348841264,0.07529248782050363,0.18294165035845036,0.08288322526908591,0.0808812226893796,0.05055478617879938,0.06947047271047439,0.15670603440896783,0.038173645644970354,257.3857256705548,38.27937873321868,3.433399479464086,2.8128679923325843,11.387562132776916,0.05331707104013281,0.3625181920545746,1.3227356399099037,0.04968624484028527,0.916709519970027,0.0,1.1517390241970622,0.005493033226152192,46.23937265326541,2.2303925601641326,0.011030041798235808,0.9490046389449466,0.0,1.5440350883485128,0.0,1.9804545090546337,0.0,0.06620931986467327,0.10524514348841264,0.07529248781616678,0.18294165040127278,0.08288322526908591,0.08088122548148165,0.05055478673133577,1.0,0.06947047271047439,2.2376666666666667,0.08088289257381788,0.22910817673371905,0.09427096331233444,0.058809181287683206,0.007465198402550091,1.0,0.8714059952940235,0.24309231508716755,0.351003172346976,0.1567060377722592,0.038173645678578574,0.4674755749365503,1.2022896762803164,1.2652073666686192,0.0,2.1,2.085240693576915,0.009897436946630435,0.0021443456302546837,0.00035371941824751643,6.133462549378041e-05,0.00035371941824751643,6.133462549378041e-05,0.0
task_cost_15_1p5,59.89441680047201,36.61396186054725,3.7825052183506975,2.8844780705108657,7.8888900813545115,0.05507055232428299,0.4555982162516918,31.264118763920006,1.814846643500527,18.303004191708954,1.12398885005064,22.718790387407427,1.3841655241263753,42.82050645150039,2.7563340864295447,8.707553333304064,0.8292901248908741,13.3301396266002,1.2089262442173065,22.98465580711998,1.7951726324509798,0.10580852712186213,0.07303294840387828,0.29659680400142746,0.06762127805983954,0.10047066581522261,0.09872729157734673,0.06358062102323302,0.6498414586150519,0.19051221702950763,0.0,0.050810441445350595,0.5130108398693717,0.05059448024392139,0.0052447552447552415,0.006832797427652733,0.03818327974276527,0.03524319519585867,0.04487179487179487,0.011946386946386943,0.0894962486602358,0.07954545454545454,0.08607416726575606,0.07575757575757576,0.0504015198129463,337.0370172888215,94.97545814762515,3.461100161075592,2.829867579663793,3.1695365850422284e-08,2.166928508332582e-09,17.728643820862903,0.053229674763513944,0.37007431334484425,1.323540850232045,0.04945027944977876,0.04945027944977876,1.0170434420615493,0.00397290581983205,1.2822017779399175,0.005894962486602358,48.773574332396116,2.236765498916308,0.01697202352400386,0.01697202352400386,1.2282000595291718,0.0,1.550940612408643,0.0,2.1930239215824563,0.0,0.10580951218264993,0.07525815452043884,0.18971528812671026,0.0821792176387006,0.08022717411922266,0.05019611851365915,0.06994645732404633,0.15762634680269652,0.03843843823608866,337.0370172888215,94.97545814762515,3.4610993313789358,2.82986737223963,17.728652273857755,0.053229674763513944,0.37007419566026395,1.3235399921735131,0.0479561410340569,1.0170430769831003,0.0030067964514007835,1.2822009496340376,0.005493033226152192,48.77366682291636,2.236764461795486,0.015531462866859483,1.2282000595291718,0.0,1.550940612408643,0.0,2.1930239215824563,0.0,0.06679712215978424,0.10580951218264993,0.07525815451154572,0.1897152884034793,0.0821792176387006,0.08022717501143226,0.05019611914255711,1.0,0.06994645732404633,2.2376666666666667,0.08022923292584154,0.2409757478394422,0.09258458142672187,0.05856141662285924,0.011870760290188674,1.0,0.8717898397249959,0.25784725601412634,0.36998038158184227,0.15762634934741745,0.0384384383566353,0.4663652213967487,1.199467175390042,1.2630439673860867,0.0,2.1,2.04992360931743,0.009855398287375717,0.0021381194165550964,0.0002641047661503033,4.361115009690473e-05,0.0002641047661503033,4.361115009690473e-05,0.0
task_cost_8_1,55.40403010938425,35.413926464099646,3.7077887388746986,2.8433093691262896,7.521066432074302,0.052977779826038914,0.45074896472957354,28.5910299116955,1.7592136656330724,15.421664872115896,1.0041150155134697,17.803121278196574,1.2462744868452096,40.0980920454925,2.7230948417970446,7.080486234051855,0.7464065872161617,13.187909171150705,1.2040468898702643,21.22987169221862,1.668175666324289,0.10249558459348339,0.0729183542279616,0.29917168337302585,0.06483108531504034,0.10154864963204097,0.09969242129779694,0.06407160595825648,0.6622964038625968,0.22809554836642923,0.0,0.05358036916298578,0.5262571224770553,0.09923931881932185,0.0,0.0057609860664523,0.03831725616291532,0.024277118641435225,0.04749417249417249,0.004370629370629367,0.08896034297963558,0.07954545454545454,0.0848106332919417,0.0743006993006993,0.047588171614335824,205.0081463475332,40.01002972169474,3.3621673161784806,2.7391338441520925,2.7450124358748464e-08,2.014197968603153e-09,12.467329863578298,0.05086283511370036,0.3621923807787561,1.3108458369970322,0.05168430148681374,0.05168430148681374,0.8854194061314047,0.004283489096573208,1.0793537736996466,0.00562700964630225,49.99178151289616,2.202599619825681,0.00846790106372891,0.00846790106372891,0.9781054309314641,0.0,1.5572881675325334,0.0,1.8598258305739062,0.0,0.10413286605622785,0.07509863254193791,0.19345971382752916,0.08409994402852723,0.0819894961744804,0.051043379734286964,0.07006270129341809,0.15360116212252872,0.03772660427560747,205.0081463475332,40.009907859998684,3.3621666939059907,2.7391336367279293,12.467335255071765,0.05086283511370036,0.36219231026619797,1.3108451341589296,0.050571694537470735,0.8854190683717511,0.003699376947040492,1.079353566275483,0.005359056806002142,49.99178151289616,2.2025989975531908,0.007612538310641633,0.9781054309314641,0.0,1.5572881675325334,0.0,1.8598258305739062,0.0,0.06724266660115501,0.10413286605622785,0.07509863253780623,0.1934597138443884,0.08409994262739635,0.08198949716347663,0.051043380229553036,1.0,0.07006270129341809,2.2376666666666667,0.08199228584420891,0.24793623072114945,0.09616067077621926,0.05938259886417119,0.012160916024426684,1.0,0.869155524892153,0.2140364964006766,0.31208582928745704,0.15360116382086372,0.03772660428003558,0.46947867054057907,1.207167004839515,1.2892377344542183,0.0,2.1,2.0334744147584893,0.009680842049419826,0.0021183516335679404,0.000308846433957403,5.205578163404581e-05,0.000308846433957403,5.205578163404581e-05,0.0
